,fips,name,state,State,Population,Crash
0,01001,Autauga,AL,Alabama,54632,249
1,01003,Baldwin,AL,Alabama,183195,891
2,01005,Barbour,AL,Alabama,27411,28
3,01007,Bibb,AL,Alabama,22867,475
4,01009,Blount,AL,Alabama,57338,501
5,01011,Bullock,AL,Alabama,10890,33
6,01013,Butler,AL,Alabama,20951,584
7,01015,Calhoun,AL,Alabama,118510,1437
8,01017,Chambers,AL,Alabama,34157,71
9,01019,Cherokee,AL,Alabama,25991,1877
10,01021,Chilton,AL,Alabama,43682,737
11,01023,Choctaw,AL,Alabama,13820,15
12,01025,Clarke,AL,Alabama,25763,354
13,01027,Clay,AL,Alabama,13897,4290
14,01029,Cleburne,AL,Alabama,14988,174
15,01031,Coffee,AL,Alabama,50104,247
16,01033,Colbert,AL,Alabama,54433,34
17,01035,Conecuh,AL,Alabama,13202,79
18,01037,Coosa,AL,Alabama,11556,18
19,01039,Covington,AL,Alabama,37776,56
20,01041,Crenshaw,AL,Alabama,13857,8
21,01043,Cullman,AL,Alabama,80459,211
22,01045,Dale,AL,Alabama,50358,49
23,01047,Dallas,AL,Alabama,43790,50050
24,01049,DeKalb,AL,Alabama,71151,6626
25,01051,Elmore,AL,Alabama,79549,515
26,01053,Escambia,AL,Alabama,38292,6927
27,01055,Etowah,AL,Alabama,104462,41
28,01057,Fayette,AL,Alabama,17219,1303
29,01059,Franklin,AL,Alabama,31729,6111
30,01061,Geneva,AL,Alabama,26815,20
31,01063,Greene,AL,Alabama,8987,5767
32,01065,Hale,AL,Alabama,15708,25
33,01067,Henry,AL,Alabama,17307,1641
34,01069,Houston,AL,Alabama,101888,681
35,01071,Jackson,AL,Alabama,53128,20832
36,01073,Jefferson,AL,Alabama,658555,15912
37,01075,Lamar,AL,Alabama,14508,359
38,01077,Lauderdale,AL,Alabama,92679,79
39,01079,Lawrence,AL,Alabama,34342,716
40,01081,Lee,AL,Alabama,140780,13641
41,01083,Limestone,AL,Alabama,83193,383
42,01085,Lowndes,AL,Alabama,11259,371
43,01087,Macon,AL,Alabama,21540,236
44,01089,Madison,AL,Alabama,335988,3938
45,01091,Marengo,AL,Alabama,20975,14
46,01093,Marion,AL,Alabama,30770,22437
47,01095,Marshall,AL,Alabama,93235,281
48,01097,Mobile,AL,Alabama,413277,1939
49,01099,Monroe,AL,Alabama,22994,13231
50,01101,Montgomery,AL,Alabama,229844,41476
51,01103,Morgan,AL,Alabama,119626,1267
52,01105,Perry,AL,Alabama,10556,514
53,01107,Pickens,AL,Alabama,19705,1547
54,01109,Pike,AL,Alabama,32957,660
55,01111,Randolph,AL,Alabama,22916,422
56,01113,Russell,AL,Alabama,53188,110
57,01115,St. Clair,AL,Alabama,83761,868
58,01117,Shelby,AL,Alabama,195828,5567
59,01119,Sumter,AL,Alabama,13744,2797
60,01121,Talladega,AL,Alabama,82110,149
61,01123,Tallapoosa,AL,Alabama,41516,30
62,01125,Tuscaloosa,AL,Alabama,195036,2441
63,01127,Walker,AL,Alabama,66947,283
64,01129,Washington,AL,Alabama,17597,16889
65,01131,Wilcox,AL,Alabama,11615,16
66,01133,Winston,AL,Alabama,24395,12
67,04001,Apache,AZ,Arizona,71676,518
68,04003,Cochise,AZ,Arizona,131789,215
69,04005,Coconino,AZ,Arizona,134651,1371
70,04007,Gila,AZ,Arizona,53569,623
71,04009,Graham,AZ,Arizona,37110,110
72,04011,Greenlee,AZ,Arizona,8353,45
73,04012,La Paz,AZ,Arizona,20458,469
74,04013,Maricopa,AZ,Arizona,3827371,33539
75,04015,Mohave,AZ,Arizona,200181,1262
76,04017,Navajo,AZ,Arizona,107551,511
77,04019,Pima,AZ,Arizona,982154,14190
78,04021,Pinal,AZ,Arizona,383842,1420
79,04023,Santa Cruz,AZ,Arizona,47462,6780
80,04025,Yavapai,AZ,Arizona,211061,1988
81,04027,Yuma,AZ,Arizona,196509,251
82,06001,Alameda,CA,California,1513952,38997
83,06003,Alpine,CA,California,1163,270
84,06005,Amador,CA,California,38042,1402
85,06007,Butte,CA,California,220072,3565
86,06009,Calaveras,CA,California,45490,1730
87,06011,Colusa,CA,California,21474,921
88,06013,Contra Costa,CA,California,1052827,19726
89,06015,Del Norte,CA,California,28632,1168
90,06017,El Dorado,CA,California,181194,5380
91,06019,Fresno,CA,California,933248,16310
92,06021,Glenn,CA,California,28129,788
93,06023,Humboldt,CA,California,134794,3705
94,06025,Imperial,CA,California,175234,135
95,06027,Inyo,CA,California,18513,879
96,06029,Kern,CA,California,842207,21310
97,06031,Kings,CA,California,153174,8423
98,06033,Lake,CA,California,64771,23584
99,06035,Lassen,CA,California,34805,1342
100,06037,Los Angeles,CA,California,9830420,234122
101,06039,Madera,CA,California,151408,4869
102,06041,Marin,CA,California,252916,5493
103,06043,Mariposa,CA,California,18243,764
104,06045,Mendocino,CA,California,87828,3720
105,06047,Merced,CA,California,256778,6482
106,06049,Modoc,CA,California,9685,432
107,06051,Mono,CA,California,14234,952
108,06053,Monterey,CA,California,416682,8576
109,06055,Napa,CA,California,136858,3212
110,06057,Nevada,CA,California,98794,3841
111,06059,Orange,CA,California,3018963,114917
112,06061,Placer,CA,California,350048,8311
113,06063,Plumas,CA,California,19950,885
114,06065,Riverside,CA,California,2203332,42176
115,06067,Sacramento,CA,California,1421959,46708
116,06069,San Benito,CA,California,55561,1781
117,06071,San Bernardino,CA,California,2042441,55018
118,06073,San Diego,CA,California,3105989,48366
119,06075,San Francisco,CA,California,805463,6871
120,06077,San Joaquin,CA,California,687744,15919
121,06079,San Luis Obispo,CA,California,270113,5315
122,06081,San Mateo,CA,California,720162,11802
123,06083,Santa Barbara,CA,California,424712,6617
124,06085,Santa Clara,CA,California,1787694,27415
125,06087,Santa Cruz,CA,California,263054,6780
126,06089,Shasta,CA,California,177291,3809
127,06091,Sierra,CA,California,3236,247
128,06093,Siskiyou,CA,California,44929,2566
129,06095,Solano,CA,California,414305,8302
130,06097,Sonoma,CA,California,485120,9653
131,06099,Stanislaus,CA,California,515358,9413
132,06101,Sutter,CA,California,94806,1602
133,06103,Tehama,CA,California,63604,2069
134,06105,Trinity,CA,California,13804,948
135,06107,Tulare,CA,California,443688,8471
136,06109,Tuolumne,CA,California,55186,2261
137,06111,Ventura,CA,California,825706,9554
138,06113,Yolo,CA,California,201190,4329
139,06115,Yuba,CA,California,72388,2672
140,08001,Adams,CO,Colorado,443715,5055
141,08003,Alamosa,CO,Colorado,15499,6
142,08005,Arapahoe,CO,Colorado,575022,1683
143,08007,Archuleta,CO,Colorado,12063,8
144,08009,Baca,CO,Colorado,3795,49
145,08011,Bent,CO,Colorado,6510,26
146,08013,Boulder,CO,Colorado,295166,390
147,08014,Broomfield,CO,Colorado,56135,222
148,08015,Chaffee,CO,Colorado,17809,133
149,08017,Cheyenne,CO,Colorado,1830,45
150,08019,Clear Creek,CO,Colorado,9112,645
151,08021,Conejos,CO,Colorado,8288,11
152,08023,Costilla,CO,Colorado,3528,27
153,08025,Crowley,CO,Colorado,5838,11
154,08027,Custer,CO,Colorado,4271,162
155,08029,Delta,CO,Colorado,30885,46
156,08031,Denver,CO,Colorado,604414,5020
157,08033,Dolores,CO,Colorado,2062,20
158,08035,Douglas,CO,Colorado,287003,12137
159,08037,Eagle,CO,Colorado,52126,606
160,08039,Elbert,CO,Colorado,23138,94
161,08041,El Paso,CO,Colorado,626928,5725
162,08043,Fremont,CO,Colorado,46837,345
163,08045,Garfield,CO,Colorado,56139,896
164,08047,Gilpin,CO,Colorado,5478,53
165,08049,Grand,CO,Colorado,14796,578
166,08051,Gunnison,CO,Colorado,15312,90
167,08053,Hinsdale,CO,Colorado,847,6
168,08055,Huerfano,CO,Colorado,6667,152
169,08057,Jackson,CO,Colorado,1390,20832
170,08059,Jefferson,CO,Colorado,535533,15912
171,08061,Kiowa,CO,Colorado,1399,44
172,08063,Kit Carson,CO,Colorado,8276,32
173,08065,Lake,CO,Colorado,7287,23584
174,08067,La Plata,CO,Colorado,51431,37
175,08069,Larimer,CO,Colorado,300637,832
176,08071,Las Animas,CO,Colorado,15421,191
177,08073,Lincoln,CO,Colorado,5473,3393
178,08075,Logan,CO,Colorado,22735,215
179,08077,Mesa,CO,Colorado,146313,239
180,08079,Mineral,CO,Colorado,710,827
181,08081,Moffat,CO,Colorado,13818,21
182,08083,Montezuma,CO,Colorado,25539,59
183,08085,Montrose,CO,Colorado,41183,16
184,08087,Morgan,CO,Colorado,28193,1267
185,08089,Otero,CO,Colorado,18855,135
186,08091,Ouray,CO,Colorado,4455,20
187,08093,Park,CO,Colorado,16262,907
188,08095,Phillips,CO,Colorado,4472,49
189,08097,Pitkin,CO,Colorado,17163,26
190,08099,Prowers,CO,Colorado,12546,58
191,08101,Pueblo,CO,Colorado,159477,699
192,08103,Rio Blanco,CO,Colorado,6620,47
193,08105,Rio Grande,CO,Colorado,12011,23
194,08107,Routt,CO,Colorado,23447,36
195,08109,Saguache,CO,Colorado,6122,38
196,08111,San Juan,CO,Colorado,710,503
197,08113,San Miguel,CO,Colorado,7357,52
198,08115,Sedgwick,CO,Colorado,2372,823
199,08117,Summit,CO,Colorado,28081,3716
200,08119,Teller,CO,Colorado,23454,67
201,08121,Washington,CO,Colorado,4803,16889
202,08123,Weld,CO,Colorado,254270,1068
203,08125,Yuma,CO,Colorado,10043,251
204,09001,Fairfield,CT,Connecticut,918714,9225
205,09003,Hartford,CT,Connecticut,894478,9417
206,09005,Litchfield,CT,Connecticut,189840,498
207,09007,Middlesex,CT,Connecticut,165697,8956
208,09009,New Haven,CT,Connecticut,862989,7409
209,09011,New London,CT,Connecticut,274055,1496
210,09013,Tolland,CT,Connecticut,152781,642
211,09015,Windham,CT,Connecticut,118519,471
212,12001,Alachua,FL,Florida,247497,2409
213,12003,Baker,FL,Florida,27106,3116
214,12005,Bay,FL,Florida,169272,1836
215,12007,Bradford,FL,Florida,28480,321
216,12009,Brevard,FL,Florida,543573,5273
217,12011,Broward,FL,Florida,1753578,21217
218,12013,Calhoun,FL,Florida,14599,1437
219,12015,Charlotte,FL,Florida,159990,943
220,12017,Citrus,FL,Florida,141129,725
221,12019,Clay,FL,Florida,191395,4290
222,12021,Collier,FL,Florida,322472,1636
223,12023,Columbia,FL,Florida,67597,4605
224,12027,DeSoto,FL,Florida,34984,627
225,12029,Dixie,FL,Florida,16390,144
226,12031,Duval,FL,Florida,865876,14517
227,12033,Escambia,FL,Florida,298043,6927
228,12035,Flagler,FL,Florida,95928,448
229,12037,Franklin,FL,Florida,11554,6111
230,12039,Gadsden,FL,Florida,46449,950
231,12041,Gilchrist,FL,Florida,16956,193
232,12043,Glades,FL,Florida,12842,68
233,12045,Gulf,FL,Florida,15847,38
234,12047,Hamilton,FL,Florida,14747,16638
235,12049,Hardee,FL,Florida,27801,318
236,12051,Hendry,FL,Florida,39180,239
237,12053,Hernando,FL,Florida,173008,1123
238,12055,Highlands,FL,Florida,98700,817
239,12057,Hillsborough,FL,Florida,1233846,20499
240,12059,Holmes,FL,Florida,19855,332
241,12061,Indian River,FL,Florida,138268,431
242,12063,Jackson,FL,Florida,49701,20832
243,12065,Jefferson,FL,Florida,14763,15912
244,12067,Lafayette,FL,Florida,8891,411
245,12069,Lake,FL,Florida,297950,23584
246,12071,Lee,FL,Florida,620151,13641
247,12073,Leon,FL,Florida,276058,3330
248,12075,Levy,FL,Florida,40735,362
249,12077,Liberty,FL,Florida,8355,213
250,12079,Madison,FL,Florida,19205,3938
251,12081,Manatee,FL,Florida,323435,9367
252,12083,Marion,FL,Florida,331290,22437
253,12085,Martin,FL,Florida,146393,1923
254,12086,Miami-Dade,FL,Florida,2505379,143939
255,12087,Monroe,FL,Florida,73269,13231
256,12089,Nassau,FL,Florida,73473,7029
257,12091,Okaloosa,FL,Florida,180728,2130
258,12093,Okeechobee,FL,Florida,40041,93
259,12095,Orange,FL,Florida,1149500,114917
260,12097,Osceola,FL,Florida,269837,8347
261,12099,Palm Beach,FL,Florida,1323394,10426
262,12101,Pasco,FL,Florida,465543,7724
263,12103,Pinellas,FL,Florida,916719,15775
264,12105,Polk,FL,Florida,602788,7135
265,12107,Putnam,FL,Florida,74262,2902
266,12109,St. Johns,FL,Florida,191323,2024
267,12111,St. Lucie,FL,Florida,278689,1525
268,12113,Santa Rosa,FL,Florida,151966,2816
269,12115,Sarasota,FL,Florida,379874,9247
270,12117,Seminole,FL,Florida,423508,4081
271,12119,Sumter,FL,Florida,94074,2797
272,12121,Suwannee,FL,Florida,41495,511
273,12123,Taylor,FL,Florida,22566,262
274,12125,Union,FL,Florida,15524,9017
275,12127,Volusia,FL,Florida,494527,3270
276,12129,Wakulla,FL,Florida,30826,397
277,12131,Walton,FL,Florida,55233,1430
278,12133,Washington,FL,Florida,24899,16889
279,13001,Appling,GA,Georgia,18261,17
280,13003,Atkinson,GA,Georgia,8366,13
281,13005,Bacon,GA,Georgia,11076,17
282,13007,Baker,GA,Georgia,3415,3116
283,13009,Baldwin,GA,Georgia,45735,891
284,13011,Banks,GA,Georgia,18415,117
285,13013,Barrow,GA,Georgia,69731,151
286,13015,Bartow,GA,Georgia,100195,359
287,13017,Ben Hill,GA,Georgia,17653,9
288,13019,Berrien,GA,Georgia,19303,557
289,13021,Bibb,GA,Georgia,155715,475
290,13023,Bleckley,GA,Georgia,13098,33
291,13025,Brantley,GA,Georgia,18435,12
292,13027,Brooks,GA,Georgia,16199,39
293,13029,Bryan,GA,Georgia,30382,166
294,13031,Bulloch,GA,Georgia,70729,125
295,13033,Burke,GA,Georgia,23367,300
296,13035,Butts,GA,Georgia,23674,273
297,13037,Calhoun,GA,Georgia,6697,1437
298,13037,Calhoun,GA,Illinois,5088,1437
299,13039,Camden,GA,Georgia,50697,4750
300,13043,Candler,GA,Georgia,11030,24
301,13045,Carroll,GA,Georgia,110661,1779
302,13045,Carroll,GA,Illinois,15361,1779
303,13045,Carroll,GA,Indiana,20162,1779
304,13047,Catoosa,GA,Georgia,63975,176
305,13049,Charlton,GA,Georgia,12137,16
306,13051,Chatham,GA,Georgia,265871,938
307,13053,Chattahoochee,GA,Georgia,11136,24
308,13055,Chattooga,GA,Georgia,26016,56
309,13057,Cherokee,GA,Georgia,215129,1877
310,13059,Clarke,GA,Georgia,116668,354
311,13061,Clay,GA,Georgia,3175,4290
312,13061,Clay,GA,Illinois,13802,4290
313,13061,Clay,GA,Indiana,26876,4290
314,13063,Clayton,GA,Georgia,259623,1819
315,13065,Clinch,GA,Georgia,6800,9
316,13067,Cobb,GA,Georgia,690063,3062
317,13069,Coffee,GA,Georgia,42332,247
318,13071,Colquitt,GA,Georgia,45628,34
319,13073,Columbia,GA,Georgia,124815,4605
320,13075,Cook,GA,Georgia,17227,21335
321,13075,Cook,GA,Illinois,5200950,21335
322,13077,Coweta,GA,Georgia,127955,577
323,13079,Crawford,GA,Georgia,12591,446
324,13079,Crawford,GA,Illinois,19794,446
325,13079,Crawford,GA,Indiana,10726,446
326,13081,Crisp,GA,Georgia,23423,40
327,13083,Dade,GA,Georgia,16609,103
328,13085,Dawson,GA,Georgia,22343,247
329,13087,Decatur,GA,Georgia,27813,106
330,13087,Decatur,GA,Indiana,25772,106
331,13089,DeKalb,GA,Georgia,692902,6626
332,13089,DeKalb,GA,Illinois,105201,6626
333,13089,DeKalb,GA,Indiana,42285,6626
334,13091,Dodge,GA,Georgia,21775,480
335,13093,Dooly,GA,Georgia,14869,73
336,13095,Dougherty,GA,Georgia,94577,89
337,13097,Douglas,GA,Georgia,132722,12137
338,13097,Douglas,GA,Illinois,19970,12137
339,13099,Early,GA,Georgia,10988,10
340,13101,Echols,GA,Georgia,4050,4
341,13103,Effingham,GA,Georgia,52436,114
342,13103,Effingham,GA,Illinois,34234,114
343,13105,Elbert,GA,Georgia,20112,94
344,13107,Emanuel,GA,Georgia,22664,37
345,13109,Evans,GA,Georgia,11007,12
346,13111,Fannin,GA,Georgia,23663,3
347,13113,Fayette,GA,Georgia,106945,1303
348,13113,Fayette,GA,Illinois,22125,1303
349,13113,Fayette,GA,Indiana,24282,1303
350,13115,Floyd,GA,Georgia,96274,522
351,13115,Floyd,GA,Indiana,74679,522
352,13117,Forsyth,GA,Georgia,176738,1999
353,13119,Franklin,GA,Georgia,22048,6111
354,13119,Franklin,GA,Idaho,12794,6111
355,13119,Franklin,GA,Illinois,39578,6111
356,13119,Franklin,GA,Indiana,23047,6111
357,13121,Fulton,GA,Georgia,926197,12416
358,13121,Fulton,GA,Illinois,37050,12416
359,13121,Fulton,GA,Indiana,20844,12416
360,13123,Gilmer,GA,Georgia,28335,118
361,13125,Glascock,GA,Georgia,3080,1
362,13127,Glynn,GA,Georgia,79816,145
363,13129,Gordon,GA,Georgia,55214,117
364,13131,Grady,GA,Georgia,25060,27
365,13133,Greene,GA,Georgia,16006,5767
366,13133,Greene,GA,Illinois,13866,5767
367,13133,Greene,GA,Indiana,33205,5767
368,13135,Gwinnett,GA,Georgia,808719,1948
369,13137,Habersham,GA,Georgia,43080,92
370,13139,Hall,GA,Georgia,180253,318
371,13141,Hancock,GA,Georgia,9391,644
372,13141,Hancock,GA,Illinois,19090,644
373,13141,Hancock,GA,Indiana,70250,644
374,13143,Haralson,GA,Georgia,28774,148
375,13145,Harris,GA,Georgia,32167,42559
376,13147,Hart,GA,Georgia,25217,49
377,13149,Heard,GA,Georgia,11854,80
378,13151,Henry,GA,Georgia,205265,1641
379,13151,Henry,GA,Illinois,50438,1641
380,13151,Henry,GA,Indiana,49476,1641
381,13153,Houston,GA,Georgia,140713,681
382,13155,Irwin,GA,Georgia,9528,19
383,13157,Jackson,GA,Georgia,60706,20832
384,13157,Jackson,GA,Illinois,60361,20832
385,13157,Jackson,GA,Indiana,42587,20832
386,13159,Jasper,GA,Georgia,13926,1831
387,13159,Jasper,GA,Illinois,9691,1831
388,13159,Jasper,GA,Indiana,33529,1831
389,13161,Jeff Davis,GA,Georgia,15091,11
390,13163,Jefferson,GA,Georgia,16884,15912
391,13163,Jefferson,GA,Idaho,26236,15912
392,13163,Jefferson,GA,Illinois,38806,15912
393,13163,Jefferson,GA,Indiana,32394,15912
394,13165,Jenkins,GA,Georgia,8345,12
395,13167,Johnson,GA,Georgia,9971,6391
396,13167,Johnson,GA,Illinois,12591,6391
397,13167,Johnson,GA,Indiana,140009,6391
398,13169,Jones,GA,Georgia,28634,112
399,13171,Lamar,GA,Georgia,18335,359
400,13173,Lanier,GA,Georgia,10126,3
401,13175,Laurens,GA,Georgia,48439,1411
402,13177,Lee,GA,Georgia,28397,13641
403,13177,Lee,GA,Illinois,35941,13641
404,13179,Liberty,GA,Georgia,62819,213
405,13181,Lincoln,GA,Georgia,7966,3393
406,13181,Lincoln,GA,Idaho,5211,3393
407,13183,Long,GA,Georgia,14644,10
408,13185,Lowndes,GA,Georgia,109734,371
409,13187,Lumpkin,GA,Georgia,29998,7
410,13189,McDuffie,GA,Georgia,21876,57
411,13191,McIntosh,GA,Georgia,14271,90
412,13193,Macon,GA,Georgia,14662,236
413,13193,Macon,GA,Illinois,110715,236
414,13195,Madison,GA,Georgia,28167,3938
415,13195,Madison,GA,Idaho,37623,3938
416,13195,Madison,GA,Illinois,269271,3938
417,13195,Madison,GA,Indiana,131642,3938
418,13197,Marion,GA,Georgia,8753,22437
419,13197,Marion,GA,Illinois,39417,22437
420,13197,Marion,GA,Indiana,904878,22437
421,13199,Meriwether,GA,Georgia,21849,104
422,13201,Miller,GA,Georgia,6123,142
423,13205,Mitchell,GA,Georgia,23500,66
424,13207,Monroe,GA,Georgia,26467,13231
425,13207,Monroe,GA,Illinois,32990,13231
426,13207,Monroe,GA,Indiana,138422,13231
427,13209,Montgomery,GA,Georgia,9116,41476
428,13209,Montgomery,GA,Illinois,30076,41476
429,13209,Montgomery,GA,Indiana,38096,41476
430,13211,Morgan,GA,Georgia,17862,1267
431,13211,Morgan,GA,Illinois,35510,1267
432,13211,Morgan,GA,Indiana,69061,1267
433,13213,Murray,GA,Georgia,39559,214
434,13215,Muscogee,GA,Georgia,190417,237
435,13217,Newton,GA,Georgia,100086,405
436,13217,Newton,GA,Indiana,14243,405
437,13219,Oconee,GA,Georgia,32984,1443
438,13221,Oglethorpe,GA,Georgia,14919,18
439,13223,Paulding,GA,Georgia,142741,70
440,13225,Peach,GA,Georgia,27741,186
441,13227,Pickens,GA,Georgia,29436,1547
442,13229,Pierce,GA,Georgia,18818,4991
443,13231,Pike,GA,Georgia,17905,660
444,13231,Pike,GA,Illinois,16408,660
445,13231,Pike,GA,Indiana,12831,660
446,13233,Polk,GA,Georgia,41523,7135
447,13235,Pulaski,GA,Georgia,11991,4628
448,13235,Pulaski,GA,Illinois,6157,4628
449,13235,Pulaski,GA,Indiana,13351,4628
450,13237,Putnam,GA,Georgia,21205,2902
451,13237,Putnam,GA,Illinois,6007,2902
452,13237,Putnam,GA,Indiana,37906,2902
453,13239,Quitman,GA,Georgia,2521,2
454,13241,Rabun,GA,Georgia,16280,11
455,13243,Randolph,GA,Georgia,7696,422
456,13243,Randolph,GA,Illinois,33437,422
457,13243,Randolph,GA,Indiana,26133,422
458,13245,Richmond,GA,Georgia,201005,2109
459,13247,Rockdale,GA,Georgia,85434,271
460,13249,Schley,GA,Georgia,5010,5
461,13251,Screven,GA,Georgia,14500,12
462,13253,Seminole,GA,Georgia,8727,4081
463,13255,Spalding,GA,Georgia,64081,252
464,13257,Stephens,GA,Georgia,26193,38
465,13259,Stewart,GA,Georgia,6053,33
466,13261,Sumter,GA,Georgia,32816,2797
467,13263,Talbot,GA,Georgia,6844,668
468,13265,Taliaferro,GA,Georgia,1698,27
469,13267,Tattnall,GA,Georgia,25585,18
470,13269,Taylor,GA,Georgia,8911,262
471,13271,Telfair,GA,Georgia,16497,6
472,13273,Terrell,GA,Georgia,9321,15
473,13275,Thomas,GA,Georgia,44769,27
474,13277,Tift,GA,Georgia,40339,75
475,13279,Toombs,GA,Georgia,27297,21
476,13283,Treutlen,GA,Georgia,6876,73
477,13285,Troup,GA,Georgia,67187,300
478,13287,Turner,GA,Georgia,8950,34
479,13289,Twiggs,GA,Georgia,8968,100
480,13291,Union,GA,Georgia,21342,9017
481,13291,Union,GA,Illinois,17775,9017
482,13291,Union,GA,Indiana,7520,9017
483,13293,Upson,GA,Georgia,27087,39
484,13295,Walker,GA,Georgia,68761,283
485,13297,Walton,GA,Georgia,84004,1430
486,13299,Ware,GA,Georgia,36340,26
487,13301,Warren,GA,Georgia,5804,2551
488,13301,Warren,GA,Illinois,17702,2551
489,13301,Warren,GA,Indiana,8501,2551
490,13303,Washington,GA,Georgia,21156,16889
491,13303,Washington,GA,Idaho,10205,16889
492,13303,Washington,GA,Illinois,14698,16889
493,13303,Washington,GA,Indiana,28290,16889
494,13305,Wayne,GA,Georgia,30115,11892
495,13305,Wayne,GA,Illinois,16734,11892
496,13305,Wayne,GA,Indiana,68853,11892
497,13307,Webster,GA,Georgia,2789,103
498,13309,Wheeler,GA,Georgia,7423,448
499,13311,White,GA,Georgia,27168,284
500,13311,White,GA,Illinois,14626,284
501,13311,White,GA,Indiana,24635,284
502,13313,Whitfield,GA,Georgia,102934,176
503,13315,Wilcox,GA,Georgia,9270,16
504,13317,Wilkes,GA,Georgia,10590,155
505,13319,Wilkinson,GA,Georgia,9540,23
506,13321,Worth,GA,Georgia,21630,88
507,19001,Adair,IA,Iowa,7675,189
508,19003,Adams,IA,Iowa,4019,5055
509,19005,Allamakee,IA,Iowa,14355,15
510,19007,Appanoose,IA,Iowa,12877,26
511,19009,Audubon,IA,Iowa,6107,6
512,19011,Benton,IA,Iowa,26073,2167
513,19013,Black Hawk,IA,Iowa,131221,148
514,19015,Boone,IA,Iowa,26281,1419
515,19017,Bremer,IA,Iowa,24289,29
516,19019,Buchanan,IA,Iowa,20936,162
517,19021,Buena Vista,IA,Iowa,20332,37
518,19023,Butler,IA,Iowa,14911,584
519,19025,Calhoun,IA,Iowa,9662,1437
520,19027,Carroll,IA,Iowa,20838,1779
521,19029,Cass,IA,Iowa,13952,1756
522,19031,Cedar,IA,Iowa,18501,236
523,19033,Cerro Gordo,IA,Iowa,44104,90
524,19035,Cherokee,IA,Iowa,12095,1877
525,19037,Chickasaw,IA,Iowa,12416,18
526,19039,Clarke,IA,Iowa,9300,354
527,19041,Clay,IA,Iowa,16650,4290
528,19043,Clayton,IA,Iowa,18087,1819
529,19045,Clinton,IA,Iowa,49093,1155
530,19047,Crawford,IA,Iowa,17132,446
531,19049,Dallas,IA,Iowa,66616,50050
532,19051,Davis,IA,Iowa,8765,4367
533,19053,Decatur,IA,Iowa,8433,106
534,19055,Delaware,IA,Iowa,17751,4207
535,19057,Des Moines,IA,Iowa,40318,22
536,19059,Dickinson,IA,Iowa,16667,18
537,19061,Dubuque,IA,Iowa,93880,91
538,19063,Emmet,IA,Iowa,10280,39
539,19065,Fayette,IA,Iowa,20839,1303
540,19067,Floyd,IA,Iowa,16310,522
541,19069,Franklin,IA,Iowa,10683,6111
542,19071,Fremont,IA,Iowa,7432,345
543,19073,Greene,IA,Iowa,9335,5767
544,19075,Grundy,IA,Iowa,12447,200
545,19077,Guthrie,IA,Iowa,10956,7
546,19079,Hamilton,IA,Iowa,15636,16638
547,19081,Hancock,IA,Iowa,11321,644
548,19083,Hardin,IA,Iowa,17519,127
549,19085,Harrison,IA,Iowa,14922,636
550,19087,Henry,IA,Iowa,20119,1641
551,19089,Howard,IA,Iowa,9559,2858
552,19091,Humboldt,IA,Iowa,9796,3705
553,19093,Ida,IA,Iowa,7078,8
554,19095,Iowa,IA,Iowa,16321,161
555,19097,Jackson,IA,Iowa,19845,20832
556,19099,Jasper,IA,Iowa,36815,1831
557,19101,Jefferson,IA,Iowa,16827,15912
558,19103,Johnson,IA,Iowa,131225,6391
559,19105,Jones,IA,Iowa,20649,112
560,19107,Keokuk,IA,Iowa,10498,8
561,19109,Kossuth,IA,Iowa,15500,10
562,19111,Lee,IA,Iowa,35857,13641
563,19113,Linn,IA,Iowa,211501,5287
564,19115,Louisa,IA,Iowa,11375,474
565,19117,Lucas,IA,Iowa,8885,760
566,19119,Lyon,IA,Iowa,11578,701
567,19121,Madison,IA,Iowa,15732,3938
568,19123,Mahaska,IA,Iowa,22376,56
569,19125,Marion,IA,Iowa,33234,22437
570,19127,Marshall,IA,Iowa,40746,281
571,19129,Mills,IA,Iowa,15061,64
572,19131,Mitchell,IA,Iowa,10781,66
573,19133,Monona,IA,Iowa,9231,50
574,19135,Monroe,IA,Iowa,7974,13231
575,19137,Montgomery,IA,Iowa,10718,41476
576,19139,Muscatine,IA,Iowa,42738,22
577,19141,O'Brien,IA,Iowa,14374,23
578,19143,Osceola,IA,Iowa,6439,8347
579,19145,Page,IA,Iowa,15922,229
580,19147,Palo Alto,IA,Iowa,9383,19
581,19149,Plymouth,IA,Iowa,24995,371
582,19151,Pocahontas,IA,Iowa,7278,23
583,19153,Polk,IA,Iowa,432260,7135
584,19155,Pottawattamie,IA,Iowa,93359,578
585,19157,Poweshiek,IA,Iowa,18885,174
586,19159,Ringgold,IA,Iowa,5129,6
587,19161,Sac,IA,Iowa,10346,24
588,19163,Scott,IA,Iowa,165841,2396
589,19165,Shelby,IA,Iowa,12160,5567
590,19167,Sioux,IA,Iowa,33705,44
591,19169,Story,IA,Iowa,89575,325
592,19171,Tama,IA,Iowa,17730,20
593,19173,Taylor,IA,Iowa,6303,262
594,19175,Union,IA,Iowa,12528,9017
595,19177,Van Buren,IA,Iowa,7548,332
596,19179,Wapello,IA,Iowa,35667,81
597,19181,Warren,IA,Iowa,46308,2551
598,19183,Washington,IA,Iowa,21693,16889
599,19185,Wayne,IA,Iowa,6402,11892
600,19187,Webster,IA,Iowa,37915,103
601,19189,Winnebago,IA,Iowa,10841,353
602,19191,Winneshiek,IA,Iowa,21059,17
603,19193,Woodbury,IA,Iowa,102407,204
604,19195,Worth,IA,Iowa,7594,88
605,19197,Wright,IA,Iowa,13202,2884
606,20001,Allen,KS,Kansas,13354,608
607,20003,Anderson,KS,Kansas,8097,4556
608,20005,Atchison,KS,Kansas,16894,12
609,20009,Barton,KS,Kansas,27705,2
610,20011,Bourbon,KS,Kansas,15172,9
611,20013,Brown,KS,Kansas,9988,422
612,20015,Butler,KS,Kansas,65923,584
613,20017,Chase,KS,Kansas,2794,4
614,20019,Chautauqua,KS,Kansas,3660,611
615,20021,Cherokee,KS,Kansas,21569,1877
616,20023,Cheyenne,KS,Kansas,2720,45
617,20025,Clark,KS,Kansas,2201,4581
618,20027,Clay,KS,Kansas,8553,4290
619,20031,Coffey,KS,Kansas,8610,4
620,20033,Comanche,KS,Kansas,1895,21
621,20037,Crawford,KS,Kansas,39185,446
622,20039,Decatur,KS,Kansas,2952,106
623,20041,Dickinson,KS,Kansas,19739,18
624,20045,Douglas,KS,Kansas,111130,12137
625,20047,Edwards,KS,Kansas,3049,3
626,20049,Elk,KS,Kansas,2872,560
627,20051,Ellis,KS,Kansas,28467,317
628,20053,Ellsworth,KS,Kansas,6511,7
629,20055,Finney,KS,Kansas,37013,7
630,20057,Ford,KS,Kansas,34094,20
631,20059,Franklin,KS,Kansas,26035,6111
632,20061,Geary,KS,Kansas,35212,10
633,20063,Gove,KS,Kansas,2691,1
634,20065,Graham,KS,Kansas,2595,110
635,20067,Grant,KS,Kansas,7852,1661
636,20069,Gray,KS,Kansas,6037,3
637,20071,Greeley,KS,Kansas,1259,2
638,20073,Greenwood,KS,Kansas,6677,873
639,20075,Hamilton,KS,Kansas,2694,16638
640,20079,Harvey,KS,Kansas,34726,5
641,20081,Haskell,KS,Kansas,4274,1
642,20083,Hodgeman,KS,Kansas,1912,12
643,20085,Jackson,KS,Kansas,13492,20832
644,20087,Jefferson,KS,Kansas,19132,15912
645,20089,Jewell,KS,Kansas,3075,2
646,20091,Johnson,KS,Kansas,545876,6391
647,20095,Kingman,KS,Kansas,7840,1
648,20097,Kiowa,KS,Kansas,2570,44
649,20099,Labette,KS,Kansas,21555,12
650,20101,Lane,KS,Kansas,1740,8219
651,20103,Leavenworth,KS,Kansas,76504,43
652,20105,Lincoln,KS,Kansas,3235,3393
653,20107,Linn,KS,Kansas,9640,5287
654,20109,Logan,KS,Kansas,2758,215
655,20111,Lyon,KS,Kansas,33654,701
656,20113,McPherson,KS,Kansas,29151,2
657,20115,Marion,KS,Kansas,12642,22437
658,20117,Marshall,KS,Kansas,10117,281
659,20119,Meade,KS,Kansas,4596,9
660,20121,Miami,KS,Kansas,32860,140
661,20123,Mitchell,KS,Kansas,6354,66
662,20125,Montgomery,KS,Kansas,35390,41476
663,20127,Morris,KS,Kansas,5913,2109
664,20129,Morton,KS,Kansas,3228,200
665,20131,Nemaha,KS,Kansas,10173,14
666,20133,Neosho,KS,Kansas,16480,15
667,20135,Ness,KS,Kansas,3104,1
668,20137,Norton,KS,Kansas,5674,3
669,20139,Osage,KS,Kansas,16291,35
670,20143,Ottawa,KS,Kansas,6077,734
671,20145,Pawnee,KS,Kansas,6962,18
672,20147,Phillips,KS,Kansas,5638,49
673,20149,Pottawatomie,KS,Kansas,21701,53
674,20151,Pratt,KS,Kansas,9641,12
675,20155,Reno,KS,Kansas,64597,3
676,20157,Republic,KS,Kansas,4952,2
677,20159,Rice,KS,Kansas,10089,1505
678,20161,Riley,KS,Kansas,71481,14
679,20165,Rush,KS,Kansas,3322,50
680,20167,Russell,KS,Kansas,6990,110
681,20169,Saline,KS,Kansas,55733,622
682,20171,Scott,KS,Kansas,4967,2396
683,20173,Sedgwick,KS,Kansas,499393,823
684,20175,Seward,KS,Kansas,23036,81
685,20177,Shawnee,KS,Kansas,178301,107
686,20179,Sheridan,KS,Kansas,2545,49
687,20181,Sherman,KS,Kansas,6006,1023
688,20183,Smith,KS,Kansas,3851,2565
689,20185,Stafford,KS,Kansas,4440,3076
690,20189,Stevens,KS,Kansas,5755,133
691,20191,Sumner,KS,Kansas,24104,288
692,20193,Thomas,KS,Kansas,7938,27
693,20195,Trego,KS,Kansas,3003,2
694,20197,Wabaunsee,KS,Kansas,7043,15
695,20201,Washington,KS,Kansas,5799,16889
696,20203,Wichita,KS,Kansas,2237,1058
697,20205,Wilson,KS,Kansas,9383,473
698,20209,Wyandotte,KS,Kansas,157845,2710
699,21001,Adair,KY,Kentucky,18614,189
700,21003,Allen,KY,Kentucky,19980,608
701,21005,Anderson,KY,Kentucky,21465,4556
702,21007,Ballard,KY,Kentucky,8263,2
703,21009,Barren,KY,Kentucky,42164,9
704,21011,Bath,KY,Kentucky,11607,28
705,21013,Bell,KY,Kentucky,28706,76
706,21015,Boone,KY,Kentucky,119290,1419
707,21017,Bourbon,KY,Kentucky,19964,9
708,21019,Boyd,KY,Kentucky,49580,18
709,21021,Boyle,KY,Kentucky,28497,5
710,21023,Bracken,KY,Kentucky,8499,6
711,21025,Breathitt,KY,Kentucky,13875,6
712,21027,Breckinridge,KY,Kentucky,20060,2
713,21029,Bullitt,KY,Kentucky,74473,182
714,21031,Butler,KY,Kentucky,12714,584
715,21033,Caldwell,KY,Kentucky,12978,158
716,21035,Calloway,KY,Kentucky,37281,6
717,21037,Campbell,KY,Kentucky,90532,810
718,21041,Carroll,KY,Kentucky,10794,1779
719,21043,Carter,KY,Kentucky,27675,86
720,21047,Christian,KY,Kentucky,74179,95
721,21049,Clark,KY,Kentucky,35634,4581
722,21051,Clay,KY,Kentucky,21698,4290
723,21053,Clinton,KY,Kentucky,10262,1155
724,21055,Crittenden,KY,Kentucky,9313,564
725,21057,Cumberland,KY,Kentucky,6850,4363
726,21059,Daviess,KY,Kentucky,96762,51
727,21061,Edmonson,KY,Kentucky,12171,1
728,21065,Estill,KY,Kentucky,14678,1
729,21067,Fayette,KY,Kentucky,296765,1303
730,21071,Floyd,KY,Kentucky,39446,522
731,21073,Franklin,KY,Kentucky,49288,6111
732,21075,Fulton,KY,Kentucky,6821,12416
733,21077,Gallatin,KY,Kentucky,8597,1969
734,21081,Grant,KY,Kentucky,24671,1661
735,21083,Graves,KY,Kentucky,37205,1
736,21085,Grayson,KY,Kentucky,25785,36
737,21087,Green,KY,Kentucky,11226,37
738,21089,Greenup,KY,Kentucky,36885,6
739,21091,Hancock,KY,Kentucky,8570,644
740,21093,Hardin,KY,Kentucky,106933,127
741,21095,Harlan,KY,Kentucky,29232,7
742,21097,Harrison,KY,Kentucky,18828,636
743,21099,Hart,KY,Kentucky,18206,49
744,21101,Henderson,KY,Kentucky,46302,862
745,21103,Henry,KY,Kentucky,15389,1641
746,21105,Hickman,KY,Kentucky,4885,113
747,21107,Hopkins,KY,Kentucky,46899,3
748,21109,Jackson,KY,Kentucky,13503,20832
749,21111,Jefferson,KY,Kentucky,742172,15912
750,21113,Jessamine,KY,Kentucky,48716,13
751,21115,Johnson,KY,Kentucky,23415,6391
752,21117,Kenton,KY,Kentucky,159876,970
753,21121,Knox,KY,Kentucky,31893,2202
754,21123,Larue,KY,Kentucky,14185,6
755,21125,Laurel,KY,Kentucky,58944,47
756,21127,Lawrence,KY,Kentucky,15868,716
757,21129,Lee,KY,Kentucky,7874,13641
758,21131,Leslie,KY,Kentucky,11299,1
759,21135,Lewis,KY,Kentucky,13849,600
760,21137,Lincoln,KY,Kentucky,24741,3393
761,21139,Livingston,KY,Kentucky,9534,1166
762,21141,Logan,KY,Kentucky,26835,215
763,21143,Lyon,KY,Kentucky,8304,701
764,21145,McCracken,KY,Kentucky,65539,28
765,21149,McLean,KY,Kentucky,9519,58
766,21151,Madison,KY,Kentucky,83157,3938
767,21153,Magoffin,KY,Kentucky,13327,4
768,21155,Marion,KY,Kentucky,19831,22437
769,21157,Marshall,KY,Kentucky,31452,281
770,21159,Martin,KY,Kentucky,12894,1923
771,21161,Mason,KY,Kentucky,17497,389
772,21163,Meade,KY,Kentucky,28664,9
773,21165,Menifee,KY,Kentucky,6307,1
774,21167,Mercer,KY,Kentucky,21363,3078
775,21169,Metcalfe,KY,Kentucky,10109,4
776,21171,Monroe,KY,Kentucky,10978,13231
777,21173,Montgomery,KY,Kentucky,26516,41476
778,21175,Morgan,KY,Kentucky,13928,1267
779,21179,Nelson,KY,Kentucky,43609,223
780,21181,Nicholas,KY,Kentucky,7131,33
781,21183,Ohio,KY,Kentucky,23818,367
782,21185,Oldham,KY,Kentucky,60450,70
783,21187,Owen,KY,Kentucky,10833,22
784,21191,Pendleton,KY,Kentucky,14910,16
785,21193,Perry,KY,Kentucky,28725,514
786,21195,Pike,KY,Kentucky,64952,660
787,21197,Powell,KY,Kentucky,12625,337
788,21199,Pulaski,KY,Kentucky,63135,4628
789,21201,Robertson,KY,Kentucky,2279,387
790,21203,Rockcastle,KY,Kentucky,17032,20
791,21205,Rowan,KY,Kentucky,23318,448
792,21207,Russell,KY,Kentucky,17535,110
793,21209,Scott,KY,Kentucky,47443,2396
794,21211,Shelby,KY,Kentucky,42255,5567
795,21213,Simpson,KY,Kentucky,17357,26
796,21215,Spencer,KY,Kentucky,17108,134
797,21217,Taylor,KY,Kentucky,24561,262
798,21219,Todd,KY,Kentucky,12447,573
799,21221,Trigg,KY,Kentucky,14351,8
800,21223,Trimble,KY,Kentucky,8798,2
801,21225,Union,KY,Kentucky,15005,9017
802,21227,Warren,KY,Kentucky,114172,2551
803,21229,Washington,KY,Kentucky,11770,16889
804,21231,Wayne,KY,Kentucky,20816,11892
805,21233,Webster,KY,Kentucky,13601,103
806,21235,Whitley,KY,Kentucky,35586,77
807,21237,Wolfe,KY,Kentucky,7349,5
808,21239,Woodford,KY,Kentucky,25025,32
809,22001,Acadia,LA,Louisiana,61844,84
810,22003,Allen,LA,Louisiana,25732,608
811,22005,Ascension,LA,Louisiana,107891,216
812,22007,Assumption,LA,Louisiana,23374,2
813,22009,Avoyelles,LA,Louisiana,42103,2
814,22011,Beauregard,LA,Louisiana,35831,4
815,22013,Bienville,LA,Louisiana,14330,21
816,22015,Bossier,LA,Louisiana,117522,303
817,22017,Caddo,LA,Louisiana,255543,6406
818,22019,Calcasieu,LA,Louisiana,193230,441
819,22021,Caldwell,LA,Louisiana,10119,158
820,22023,Cameron,LA,Louisiana,6799,65
821,22027,Claiborne,LA,Louisiana,17141,19
822,22029,Concordia,LA,Louisiana,20806,1
823,22031,De Soto,LA,Louisiana,26734,19
824,22033,East Baton Rouge,LA,Louisiana,440909,19021
825,22037,East Feliciana,LA,Louisiana,20190,13
826,22039,Evangeline,LA,Louisiana,33990,3
827,22041,Franklin,LA,Louisiana,20773,6111
828,22041,Franklin,LA,Maine,30732,6111
829,22043,Grant,LA,Louisiana,22341,1661
830,22045,Iberia,LA,Louisiana,73236,3
831,22047,Iberville,LA,Louisiana,33364,181
832,22049,Jackson,LA,Louisiana,16297,20832
833,22051,Jefferson,LA,Louisiana,432449,15912
834,22053,Jefferson Davis,LA,Louisiana,31605,47
835,22055,Lafayette,LA,Louisiana,222051,411
836,22057,Lafourche,LA,Louisiana,96328,30
837,22059,La Salle,LA,Louisiana,14928,24
838,22061,Lincoln,LA,Louisiana,46801,3393
839,22061,Lincoln,LA,Maine,34399,3393
840,22063,Livingston,LA,Louisiana,128549,1166
841,22065,Madison,LA,Louisiana,12102,3938
842,22067,Morehouse,LA,Louisiana,27925,1
843,22069,Natchitoches,LA,Louisiana,39605,5
844,22071,Orleans,LA,Louisiana,347858,16278
845,22073,Ouachita,LA,Louisiana,153910,127
846,22075,Plaquemines,LA,Louisiana,23106,8
847,22077,Pointe Coupee,LA,Louisiana,22771,23
848,22079,Rapides,LA,Louisiana,131779,101
849,22081,Red River,LA,Louisiana,9079,1
850,22083,Richland,LA,Louisiana,20736,9842
851,22085,Sabine,LA,Louisiana,24229,2
852,22087,St. Bernard,LA,Louisiana,36762,8
853,22089,St. Charles,LA,Louisiana,52771,1800
854,22091,St. Helena,LA,Louisiana,11205,2
855,22093,St. James,LA,Louisiana,22026,44
856,22095,St. John the Baptist,LA,Louisiana,45813,215
857,22097,St. Landry,LA,Louisiana,83454,17
858,22099,St. Martin,LA,Louisiana,52214,243
859,22101,St. Mary,LA,Louisiana,54579,2
860,22103,St. Tammany,LA,Louisiana,234568,356
861,22105,Tangipahoa,LA,Louisiana,121425,250
862,22109,Terrebonne,LA,Louisiana,111861,201
863,22111,Union,LA,Louisiana,22754,9017
864,22113,Vermilion,LA,Louisiana,58070,12
865,22115,Vernon,LA,Louisiana,52769,33
866,22117,Washington,LA,Louisiana,47093,16889
867,22117,Washington,LA,Maine,32811,16889
868,22119,Webster,LA,Louisiana,41215,103
869,22121,West Baton Rouge,LA,Louisiana,23917,889
870,22125,West Feliciana,LA,Louisiana,15610,2
871,23007,Franklin,ME,Massachusetts,71369,6111
872,24001,Allegany,MD,Maryland,75021,406
873,24003,Anne Arundel,MD,Maryland,539198,5298
874,24005,Baltimore,MD,Maryland,805709,203
875,24009,Calvert,MD,Maryland,88936,115
876,24011,Caroline,MD,Maryland,33093,1426
877,24013,Carroll,MD,Maryland,167241,1779
878,24015,Cecil,MD,Maryland,101199,1105
879,24017,Charles,MD,Maryland,147086,1103
880,24019,Dorchester,MD,Maryland,32650,2538
881,24021,Frederick,MD,Maryland,234122,7144
882,24023,Garrett,MD,Maryland,30063,194
883,24025,Harford,MD,Maryland,245177,2747
884,24027,Howard,MD,Maryland,288376,2858
885,24029,Kent,MD,Maryland,20222,9072
886,24031,Montgomery,MD,Maryland,976203,41476
887,24033,Prince George's,MD,Maryland,865271,13179
888,24035,Queen Anne's,MD,Maryland,47899,1247
889,24037,St. Mary's,MD,Maryland,105786,323
890,24039,Somerset,MD,Maryland,26481,2599
891,24041,Talbot,MD,Maryland,37834,668
892,24043,Washington,MD,Maryland,147558,16889
893,24045,Wicomico,MD,Maryland,98843,251
894,24047,Worcester,MD,Maryland,51431,1397
895,26001,Alcona,MI,Michigan,10884,5
896,26003,Alger,MI,Michigan,9575,1
897,26005,Allegan,MI,Michigan,111503,432
898,26007,Alpena,MI,Michigan,29529,24
899,26009,Antrim,MI,Michigan,23505,8
900,26011,Arenac,MI,Michigan,15867,31
901,26013,Baraga,MI,Michigan,8844,6
902,26015,Barry,MI,Michigan,59044,79
903,26017,Bay,MI,Michigan,107703,1836
904,26019,Benzie,MI,Michigan,17496,29
905,26021,Berrien,MI,Michigan,156805,557
906,26023,Branch,MI,Michigan,45137,21
907,26025,Calhoun,MI,Michigan,136072,1437
908,26027,Cass,MI,Michigan,52196,1756
909,26029,Charlevoix,MI,Michigan,25901,24
910,26031,Cheboygan,MI,Michigan,26083,22
911,26033,Chippewa,MI,Michigan,38602,303
912,26035,Clare,MI,Michigan,30927,40
913,26037,Clinton,MI,Michigan,75426,1155
914,26039,Crawford,MI,Michigan,14037,446
915,26041,Delta,MI,Michigan,37065,46
916,26043,Dickinson,MI,Michigan,26111,18
917,26045,Eaton,MI,Michigan,107838,516
918,26047,Emmet,MI,Michigan,32691,39
919,26049,Genesee,MI,Michigan,424926,7995
920,26051,Gladwin,MI,Michigan,25675,4
921,26053,Gogebic,MI,Michigan,16400,5
922,26055,Grand Traverse,MI,Michigan,87043,41
923,26057,Gratiot,MI,Michigan,42461,39
924,26059,Hillsdale,MI,Michigan,46643,9
925,26061,Houghton,MI,Michigan,36686,6
926,26063,Huron,MI,Michigan,33039,45
927,26065,Ingham,MI,Michigan,280812,1059
928,26067,Ionia,MI,Michigan,63884,109
929,26069,Iosco,MI,Michigan,25777,13
930,26071,Iron,MI,Michigan,11813,1296
931,26073,Isabella,MI,Michigan,70334,41
932,26075,Jackson,MI,Michigan,160201,20832
933,26077,Kalamazoo,MI,Michigan,250738,735
934,26079,Kalkaska,MI,Michigan,17117,18
935,26081,Kent,MI,Michigan,603219,9072
936,26085,Lake,MI,Michigan,11504,23584
937,26087,Lapeer,MI,Michigan,88210,67
938,26089,Leelanau,MI,Michigan,21705,17
939,26091,Lenawee,MI,Michigan,99763,83
940,26093,Livingston,MI,Michigan,180972,1166
941,26095,Luce,MI,Michigan,6604,3
942,26097,Mackinac,MI,Michigan,11077,25
943,26099,Macomb,MI,Michigan,841126,2244
944,26101,Manistee,MI,Michigan,24698,9
945,26103,Marquette,MI,Michigan,67131,34
946,26105,Mason,MI,Michigan,28721,389
947,26107,Mecosta,MI,Michigan,42831,15
948,26109,Menominee,MI,Michigan,23994,12
949,26111,Midland,MI,Michigan,83592,153
950,26115,Monroe,MI,Michigan,151932,13231
951,26117,Montcalm,MI,Michigan,63270,29
952,26119,Montmorency,MI,Michigan,9761,1
953,26121,Muskegon,MI,Michigan,172068,188
954,26123,Newaygo,MI,Michigan,48393,26
955,26125,Oakland,MI,Michigan,1203012,4389
956,26127,Oceana,MI,Michigan,26513,9
957,26129,Ogemaw,MI,Michigan,21623,16
958,26131,Ontonagon,MI,Michigan,6756,1
959,26133,Osceola,MI,Michigan,23506,8347
960,26135,Oscoda,MI,Michigan,8609,2
961,26137,Otsego,MI,Michigan,24132,107
962,26139,Ottawa,MI,Michigan,264055,734
963,26141,Presque Isle,MI,Michigan,13329,2
964,26143,Roscommon,MI,Michigan,24429,25
965,26145,Saginaw,MI,Michigan,199911,417
966,26147,St. Clair,MI,Michigan,162789,868
967,26149,St. Joseph,MI,Michigan,61262,257
968,26151,Sanilac,MI,Michigan,43007,1
969,26153,Schoolcraft,MI,Michigan,8474,17
970,26155,Shiawassee,MI,Michigan,70606,107
971,26157,Tuscola,MI,Michigan,55661,4
972,26159,Van Buren,MI,Michigan,76186,332
973,26161,Washtenaw,MI,Michigan,345290,1446
974,26163,Wayne,MI,Michigan,1815734,11892
975,26165,Wexford,MI,Michigan,32730,14
976,27001,Aitkin,MN,Minnesota,16195,411
977,27003,Anoka,MN,Minnesota,331302,3548
978,27005,Becker,MN,Minnesota,32520,457
979,27007,Beltrami,MN,Minnesota,44518,541
980,27009,Benton,MN,Minnesota,38499,2167
981,27009,Benton,MN,Mississippi,8720,2167
982,27011,Big Stone,MN,Minnesota,5264,2
983,27013,Blue Earth,MN,Minnesota,64098,1304
984,27015,Brown,MN,Minnesota,25884,422
985,27017,Carlton,MN,Minnesota,35399,865
986,27019,Carver,MN,Minnesota,91361,954
987,27021,Cass,MN,Minnesota,28587,1756
988,27023,Chippewa,MN,Minnesota,12463,303
989,27025,Chisago,MN,Minnesota,53925,1449
990,27027,Clay,MN,Minnesota,59162,4290
991,27027,Clay,MN,Mississippi,20577,4290
992,27029,Clearwater,MN,Minnesota,8699,108
993,27031,Cook,MN,Minnesota,5172,21335
994,27033,Cottonwood,MN,Minnesota,11689,285
995,27035,Crow Wing,MN,Minnesota,62559,855
996,27037,Dakota,MN,Minnesota,399100,5977
997,27039,Dodge,MN,Minnesota,20135,480
998,27041,Douglas,MN,Minnesota,35988,12137
999,27043,Faribault,MN,Minnesota,14516,402
1000,27045,Fillmore,MN,Minnesota,20844,300
1001,27047,Freeborn,MN,Minnesota,31219,1100
1002,27049,Goodhue,MN,Minnesota,46230,1186
1003,27051,Grant,MN,Minnesota,6010,1661
1004,27053,Hennepin,MN,Minnesota,1154623,26560
1005,27055,Houston,MN,Minnesota,19022,681
1006,27057,Hubbard,MN,Minnesota,20386,421
1007,27059,Isanti,MN,Minnesota,37857,356
1008,27061,Itasca,MN,Minnesota,45043,736
1009,27063,Jackson,MN,Minnesota,10270,20832
1010,27063,Jackson,MN,Mississippi,139698,20832
1011,27065,Kanabec,MN,Minnesota,16209,208
1012,27067,Kandiyohi,MN,Minnesota,42270,623
1013,27071,Koochiching,MN,Minnesota,13314,149
1014,27073,Lac qui Parle,MN,Minnesota,7238,31
1015,27075,Lake,MN,Minnesota,10858,23584
1016,27077,Lake of the Woods,MN,Minnesota,4040,29
1017,27079,Le Sueur,MN,Minnesota,27699,422
1018,27081,Lincoln,MN,Minnesota,5892,3393
1019,27081,Lincoln,MN,Mississippi,34863,3393
1020,27083,Lyon,MN,Minnesota,25865,701
1021,27085,McLeod,MN,Minnesota,36654,573
1022,27087,Mahnomen,MN,Minnesota,5421,74
1023,27089,Marshall,MN,Minnesota,9419,281
1024,27089,Marshall,MN,Mississippi,37104,281
1025,27091,Martin,MN,Minnesota,20840,1923
1026,27093,Meeker,MN,Minnesota,23295,436
1027,27095,Mille Lacs,MN,Minnesota,26088,592
1028,27097,Morrison,MN,Minnesota,33204,678
1029,27099,Mower,MN,Minnesota,39188,460
1030,27101,Murray,MN,Minnesota,8698,214
1031,27103,Nicollet,MN,Minnesota,32780,879
1032,27105,Nobles,MN,Minnesota,21376,579
1033,27109,Olmsted,MN,Minnesota,144509,1789
1034,27111,Otter Tail,MN,Minnesota,57262,752
1035,27113,Pennington,MN,Minnesota,13946,19
1036,27115,Pine,MN,Minnesota,29727,1307
1037,27117,Pipestone,MN,Minnesota,9578,20
1038,27119,Polk,MN,Minnesota,31640,7135
1039,27121,Pope,MN,Minnesota,10978,293
1040,27123,Ramsey,MN,Minnesota,509320,12085
1041,27125,Red Lake,MN,Minnesota,4075,6
1042,27127,Redwood,MN,Minnesota,16058,241
1043,27129,Renville,MN,Minnesota,15693,331
1044,27131,Rice,MN,Minnesota,64228,1505
1045,27133,Rock,MN,Minnesota,9692,286
1046,27135,Roseau,MN,Minnesota,15561,115
1047,27137,St. Louis,MN,Minnesota,200155,2798
1048,27139,Scott,MN,Minnesota,130487,2396
1049,27139,Scott,MN,Mississippi,28358,2396
1050,27141,Sherburne,MN,Minnesota,88691,1574
1051,27143,Sibley,MN,Minnesota,15245,365
1052,27145,Stearns,MN,Minnesota,150785,2381
1053,27147,Steele,MN,Minnesota,36545,996
1054,27149,Stevens,MN,Minnesota,9719,133
1055,27151,Swift,MN,Minnesota,9760,81
1056,27153,Todd,MN,Minnesota,24885,573
1057,27155,Traverse,MN,Minnesota,3542,3
1058,27157,Wabasha,MN,Minnesota,21658,276
1059,27159,Wadena,MN,Minnesota,13833,155
1060,27161,Waseca,MN,Minnesota,19137,208
1061,27163,Washington,MN,Minnesota,238844,16889
1062,27163,Washington,MN,Mississippi,51078,16889
1063,27165,Watonwan,MN,Minnesota,11215,244
1064,27167,Wilkin,MN,Minnesota,6571,15
1065,27169,Winona,MN,Minnesota,51419,1104
1066,27171,Wright,MN,Minnesota,125118,2884
1067,27173,Yellow Medicine,MN,Minnesota,10425,182
1068,29001,Adair,MO,Missouri,25607,189
1069,29003,Andrew,MO,Missouri,17377,7
1070,29005,Atchison,MO,Missouri,5658,12
1071,29007,Audrain,MO,Missouri,25490,2
1072,29009,Barry,MO,Missouri,35588,79
1073,29011,Barton,MO,Missouri,12385,2
1074,29013,Bates,MO,Missouri,17042,2
1075,29015,Benton,MO,Missouri,19060,2167
1076,29019,Boone,MO,Missouri,163232,1419
1077,29021,Buchanan,MO,Missouri,89144,162
1078,29023,Butler,MO,Missouri,42796,584
1079,29025,Caldwell,MO,Missouri,9436,158
1080,29027,Callaway,MO,Missouri,44419,83
1081,29029,Camden,MO,Missouri,43985,4750
1082,29031,Cape Girardeau,MO,Missouri,75895,9
1083,29033,Carroll,MO,Missouri,9296,1779
1084,29035,Carter,MO,Missouri,6299,86
1085,29037,Cass,MO,Missouri,99723,1756
1086,29039,Cedar,MO,Missouri,13973,236
1087,29041,Chariton,MO,Missouri,7847,2
1088,29043,Christian,MO,Missouri,77825,95
1089,29045,Clark,MO,Missouri,7148,4581
1090,29047,Clay,MO,Missouri,222718,4290
1091,29049,Clinton,MO,Missouri,20742,1155
1092,29051,Cole,MO,Missouri,76182,13
1093,29053,Cooper,MO,Missouri,17610,76
1094,29055,Crawford,MO,Missouri,24637,446
1095,29057,Dade,MO,Missouri,7867,103
1096,29059,Dallas,MO,Missouri,16762,50050
1097,29061,Daviess,MO,Missouri,8441,51
1098,29063,DeKalb,MO,Missouri,12900,6626
1099,29067,Douglas,MO,Missouri,13642,12137
1100,29069,Dunklin,MO,Missouri,31920,3
1101,29071,Franklin,MO,Missouri,101508,6111
1102,29073,Gasconade,MO,Missouri,15226,3
1103,29075,Gentry,MO,Missouri,6719,3
1104,29077,Greene,MO,Missouri,275414,5767
1105,29079,Grundy,MO,Missouri,10273,200
1106,29081,Harrison,MO,Missouri,8941,636
1107,29083,Henry,MO,Missouri,22266,1641
1108,29085,Hickory,MO,Missouri,9628,1
1109,29087,Holt,MO,Missouri,4910,17
1110,29089,Howard,MO,Missouri,10123,2858
1111,29093,Iron,MO,Missouri,10579,1296
1112,29095,Jackson,MO,Missouri,675259,20832
1113,29097,Jasper,MO,Missouri,117770,1831
1114,29099,Jefferson,MO,Missouri,219084,15912
1115,29101,Johnson,MO,Missouri,52715,6391
1116,29103,Knox,MO,Missouri,4133,2202
1117,29105,Laclede,MO,Missouri,35642,82
1118,29107,Lafayette,MO,Missouri,33409,411
1119,29109,Lawrence,MO,Missouri,38601,716
1120,29111,Lewis,MO,Missouri,10203,600
1121,29113,Lincoln,MO,Missouri,52702,3393
1122,29115,Linn,MO,Missouri,12752,5287
1123,29117,Livingston,MO,Missouri,15196,1166
1124,29119,McDonald,MO,Missouri,23087,6
1125,29121,Macon,MO,Missouri,15581,236
1126,29123,Madison,MO,Missouri,12196,3938
1127,29125,Maries,MO,Missouri,9185,5
1128,29127,Marion,MO,Missouri,28793,22437
1129,29129,Mercer,MO,Missouri,3777,3078
1130,29131,Miller,MO,Missouri,24714,142
1131,29133,Mississippi,MO,Missouri,14390,156
1132,29135,Moniteau,MO,Missouri,15616,6
1133,29137,Monroe,MO,Missouri,8782,13231
1134,29139,Montgomery,MO,Missouri,12241,41476
1135,29141,Morgan,MO,Missouri,20559,1267
1136,29143,New Madrid,MO,Missouri,18934,9
1137,29145,Newton,MO,Missouri,58117,405
1138,29147,Nodaway,MO,Missouri,23384,8
1139,29151,Osage,MO,Missouri,13865,35
1140,29153,Ozark,MO,Missouri,9728,4
1141,29155,Pemiscot,MO,Missouri,18263,15
1142,29157,Perry,MO,Missouri,18937,514
1143,29159,Pettis,MO,Missouri,42287,3
1144,29161,Phelps,MO,Missouri,45301,74
1145,29163,Pike,MO,Missouri,18507,660
1146,29165,Platte,MO,Missouri,89677,1040
1147,29167,Polk,MO,Missouri,31139,7135
1148,29169,Pulaski,MO,Missouri,52803,4628
1149,29171,Putnam,MO,Missouri,4972,2902
1150,29173,Ralls,MO,Missouri,10169,11
1151,29175,Randolph,MO,Missouri,25437,422
1152,29181,Ripley,MO,Missouri,14103,66
1153,29183,St. Charles,MO,Missouri,361602,1800
1154,29185,St. Clair,MO,Missouri,9823,868
1155,29187,St. Francois,MO,Missouri,65498,3
1156,29189,St. Louis,MO,Missouri,998881,2798
1157,29195,Saline,MO,Missouri,23406,622
1158,29197,Schuyler,MO,Missouri,4429,15
1159,29199,Scotland,MO,Missouri,4842,70
1160,29201,Scott,MO,Missouri,39238,2396
1161,29203,Shannon,MO,Missouri,8437,1
1162,29205,Shelby,MO,Missouri,6370,5567
1163,29209,Stone,MO,Missouri,32172,32
1164,29211,Sullivan,MO,Missouri,6725,492
1165,29213,Taney,MO,Missouri,51893,8
1166,29215,Texas,MO,Missouri,26048,6
1167,29217,Vernon,MO,Missouri,21162,33
1168,29219,Warren,MO,Missouri,32551,2551
1169,29221,Washington,MO,Missouri,25205,16889
1170,29223,Wayne,MO,Missouri,13499,11892
1171,29225,Webster,MO,Missouri,36287,103
1172,29227,Worth,MO,Missouri,2155,88
1173,29229,Wright,MO,Missouri,18853,2884
1174,30001,Beaverhead,MT,Montana,9253,160
1175,30003,Big Horn,MT,Montana,12914,243
1176,30005,Blaine,MT,Montana,6507,57
1177,30005,Blaine,MT,Nebraska,478,57
1178,30007,Broadwater,MT,Montana,5629,150
1179,30009,Carbon,MT,Montana,10085,1033
1180,30011,Carter,MT,Montana,1154,86
1181,30013,Cascade,MT,Montana,81519,484
1182,30015,Chouteau,MT,Montana,5803,73
1183,30017,Custer,MT,Montana,11703,162
1184,30017,Custer,MT,Nebraska,10912,162
1185,30019,Daniels,MT,Montana,1758,1
1186,30021,Dawson,MT,Montana,8936,247
1187,30021,Dawson,MT,Nebraska,24383,247
1188,30023,Deer Lodge,MT,Montana,9294,159
1189,30025,Fallon,MT,Montana,2887,4
1190,30027,Fergus,MT,Montana,11582,160
1191,30029,Flathead,MT,Montana,90901,1835
1192,30031,Gallatin,MT,Montana,89658,1969
1193,30033,Garfield,MT,Montana,1192,896
1194,30033,Garfield,MT,Nebraska,2047,896
1195,30035,Glacier,MT,Montana,13451,172
1196,30037,Golden Valley,MT,Montana,884,48
1197,30039,Granite,MT,Montana,3082,300
1198,30041,Hill,MT,Montana,16152,119
1199,30043,Jefferson,MT,Montana,11424,15912
1200,30043,Jefferson,MT,Nebraska,7517,15912
1201,30045,Judith Basin,MT,Montana,2068,62
1202,30047,Lake,MT,Montana,28766,23584
1203,30049,Lewis and Clark,MT,Montana,63620,849
1204,30051,Liberty,MT,Montana,2344,213
1205,30053,Lincoln,MT,Montana,19670,3393
1206,30053,Lincoln,MT,Nebraska,36270,3393
1207,30053,Lincoln,MT,Nevada,5362,3393
1208,30055,McCone,MT,Montana,1741,19
1209,30057,Madison,MT,Montana,7691,3938
1210,30057,Madison,MT,Nebraska,34960,3938
1211,30059,Meagher,MT,Montana,1887,34
1212,30061,Mineral,MT,Montana,4219,827
1213,30061,Mineral,MT,Nevada,4768,827
1214,30063,Missoula,MT,Montana,109494,1371
1215,30065,Musselshell,MT,Montana,4560,57
1216,30067,Park,MT,Montana,15608,907
1217,30069,Petroleum,MT,Montana,495,11
1218,30071,Phillips,MT,Montana,4249,49
1219,30073,Pondera,MT,Montana,6160,84
1220,30075,Powder River,MT,Montana,1741,38
1221,30077,Powell,MT,Montana,7022,337
1222,30079,Prairie,MT,Montana,1189,213
1223,30081,Ravalli,MT,Montana,40308,619
1224,30083,Richland,MT,Montana,9759,9842
1225,30085,Roosevelt,MT,Montana,10453,59
1226,30087,Rosebud,MT,Montana,9254,184
1227,30089,Sanders,MT,Montana,11382,254
1228,30091,Sheridan,MT,Montana,3377,49
1229,30091,Sheridan,MT,Nebraska,5452,49
1230,30093,Silver Bow,MT,Montana,34234,336
1231,30095,Stillwater,MT,Montana,9121,431
1232,30097,Sweet Grass,MT,Montana,3622,136
1233,30099,Teton,MT,Montana,6081,88
1234,30101,Toole,MT,Montana,5337,72
1235,30103,Treasure,MT,Montana,713,61
1236,30105,Valley,MT,Montana,7359,84
1237,30105,Valley,MT,Nebraska,4268,84
1238,30107,Wheatland,MT,Montana,2166,31
1239,30109,Wibaux,MT,Montana,1008,30
1240,30111,Yellowstone,MT,Montana,148432,1239
1241,35001,Bernalillo,NM,New Mexico,664639,992
1242,35003,Catron,NM,New Mexico,3730,4
1243,35005,Chaves,NM,New Mexico,65779,18
1244,35006,Cibola,NM,New Mexico,27247,190
1245,35007,Colfax,NM,New Mexico,13726,39
1246,35009,Curry,NM,New Mexico,48949,1132
1247,35011,De Baca,NM,New Mexico,2022,3
1248,35015,Eddy,NM,New Mexico,53890,33
1249,35017,Grant,NM,New Mexico,29399,1661
1250,35019,Guadalupe,NM,New Mexico,4693,241
1251,35023,Hidalgo,NM,New Mexico,4854,68
1252,35025,Lea,NM,New Mexico,64698,42
1253,35027,Lincoln,NM,New Mexico,20500,3393
1254,35028,Los Alamos,NM,New Mexico,18031,1
1255,35029,Luna,NM,New Mexico,25133,70
1256,35031,McKinley,NM,New Mexico,71797,141
1257,35033,Mora,NM,New Mexico,4889,22
1258,35035,Otero,NM,New Mexico,64284,135
1259,35037,Quay,NM,New Mexico,9078,51
1260,35039,Rio Arriba,NM,New Mexico,40339,40
1261,35041,Roosevelt,NM,New Mexico,20050,59
1262,35043,Sandoval,NM,New Mexico,132330,62
1263,35045,San Juan,NM,New Mexico,130145,503
1264,35047,San Miguel,NM,New Mexico,29387,52
1265,35049,Santa Fe,NM,New Mexico,144606,110
1266,35051,Sierra,NM,New Mexico,12026,247
1267,35053,Socorro,NM,New Mexico,17850,45
1268,35055,Taos,NM,New Mexico,32957,15
1269,35057,Torrance,NM,New Mexico,16375,50
1270,35059,Union,NM,New Mexico,4541,9017
1271,35061,Valencia,NM,New Mexico,76759,10
1272,36001,Albany,NY,New York,303833,4571
1273,36003,Allegany,NY,New York,48943,406
1274,36005,Bronx,NY,New York,1386657,9461
1275,36007,Broome,NY,New York,200272,540
1276,36009,Cattaraugus,NY,New York,80229,60
1277,36011,Cayuga,NY,New York,79978,365
1278,36013,Chautauqua,NY,New York,134768,611
1279,36015,Chemung,NY,New York,88824,39
1280,36017,Chenango,NY,New York,50405,33
1281,36019,Clinton,NY,New York,82115,1155
1282,36021,Columbia,NY,New York,63073,4605
1283,36023,Cortland,NY,New York,49294,136
1284,36025,Delaware,NY,New York,47832,4207
1285,36027,Dutchess,NY,New York,297577,2166
1286,36029,Erie,NY,New York,918652,5189
1287,36031,Essex,NY,New York,39302,7058
1288,36033,Franklin,NY,New York,51579,6111
1289,36033,Franklin,NY,North Carolina,60848,6111
1290,36035,Fulton,NY,New York,55526,12416
1291,36037,Genesee,NY,New York,60082,7995
1292,36039,Greene,NY,New York,49159,5767
1293,36039,Greene,NY,North Carolina,21384,5767
1294,36041,Hamilton,NY,New York,4831,16638
1295,36043,Herkimer,NY,New York,64502,315
1296,36045,Jefferson,NY,New York,116582,15912
1297,36047,Kings,NY,New York,2508340,8423
1298,36049,Lewis,NY,New York,27072,600
1299,36051,Livingston,NY,New York,65333,1166
1300,36053,Madison,NY,New York,73439,3938
1301,36053,Madison,NY,North Carolina,20777,3938
1302,36055,Monroe,NY,New York,744389,13231
1303,36057,Montgomery,NY,New York,50250,41476
1304,36057,Montgomery,NY,North Carolina,27826,41476
1305,36059,Nassau,NY,New York,1341245,7029
1306,36061,New York,NY,New York,1586698,7155
1307,36063,Niagara,NY,New York,216546,299
1308,36065,Oneida,NY,New York,234845,3036
1309,36067,Onondaga,NY,New York,467204,3782
1310,36069,Ontario,NY,New York,108116,589
1311,36071,Orange,NY,New York,373355,114917
1312,36071,Orange,NY,North Carolina,134197,114917
1313,36073,Orleans,NY,New York,42854,16278
1314,36075,Oswego,NY,New York,122114,304
1315,36077,Otsego,NY,New York,62232,107
1316,36079,Putnam,NY,New York,99713,2902
1317,36081,Queens,NY,New York,2233841,12556
1318,36083,Rensselaer,NY,New York,159428,1560
1319,36085,Richmond,NY,New York,469363,2109
1320,36085,Richmond,NY,North Carolina,46659,2109
1321,36087,Rockland,NY,New York,312183,2781
1322,36089,St. Lawrence,NY,New York,111894,87
1323,36091,Saratoga,NY,New York,219960,2907
1324,36093,Schenectady,NY,New York,154889,933
1325,36095,Schoharie,NY,New York,32722,114
1326,36097,Schuyler,NY,New York,18330,15
1327,36099,Seneca,NY,New York,35199,303
1328,36101,Steuben,NY,New York,98930,122
1329,36103,Suffolk,NY,New York,1494434,6734
1330,36105,Sullivan,NY,New York,77500,492
1331,36107,Tioga,NY,New York,51049,682
1332,36109,Tompkins,NY,New York,101620,135
1333,36111,Ulster,NY,New York,182435,1019
1334,36113,Warren,NY,New York,65697,2551
1335,36113,Warren,NY,North Carolina,20931,2551
1336,36115,Washington,NY,New York,63288,16889
1337,36115,Washington,NY,North Carolina,13206,16889
1338,36117,Wayne,NY,New York,93753,11892
1339,36117,Wayne,NY,North Carolina,122907,11892
1340,36119,Westchester,NY,New York,950541,9913
1341,36121,Wyoming,NY,New York,42129,105
1342,36123,Yates,NY,New York,25338,11
1343,39001,Adams,OH,Ohio,28550,5055
1344,39003,Allen,OH,Ohio,106205,608
1345,39005,Ashland,OH,Ohio,53127,51
1346,39007,Ashtabula,OH,Ohio,101429,50
1347,39009,Athens,OH,Ohio,64770,25
1348,39011,Auglaize,OH,Ohio,45939,40
1349,39013,Belmont,OH,Ohio,70319,103
1350,39015,Brown,OH,Ohio,44857,422
1351,39017,Butler,OH,Ohio,368630,584
1352,39019,Carroll,OH,Ohio,28800,1779
1353,39021,Champaign,OH,Ohio,40025,49
1354,39023,Clark,OH,Ohio,138193,4581
1355,39025,Clermont,OH,Ohio,197604,146
1356,39027,Clinton,OH,Ohio,41930,1155
1357,39029,Columbiana,OH,Ohio,107800,62
1358,39033,Crawford,OH,Ohio,43718,446
1359,39035,Cuyahoga,OH,Ohio,1278208,2795
1360,39037,Darke,OH,Ohio,52968,57
1361,39039,Defiance,OH,Ohio,39007,17
1362,39041,Delaware,OH,Ohio,175250,4207
1363,39043,Erie,OH,Ohio,77070,5189
1364,39045,Fairfield,OH,Ohio,146351,9225
1365,39047,Fayette,OH,Ohio,29043,1303
1366,39049,Franklin,OH,Ohio,1165897,6111
1367,39051,Fulton,OH,Ohio,42669,12416
1368,39053,Gallia,OH,Ohio,30955,16
1369,39055,Geauga,OH,Ohio,93408,138
1370,39057,Greene,OH,Ohio,161605,5767
1371,39059,Guernsey,OH,Ohio,40033,42
1372,39061,Hamilton,OH,Ohio,802252,16638
1373,39063,Hancock,OH,Ohio,74727,644
1374,39065,Hardin,OH,Ohio,32065,127
1375,39067,Harrison,OH,Ohio,15851,636
1376,39069,Henry,OH,Ohio,28186,1641
1377,39071,Highland,OH,Ohio,43554,67
1378,39073,Hocking,OH,Ohio,29374,30
1379,39075,Holmes,OH,Ohio,42382,332
1380,39077,Huron,OH,Ohio,59586,45
1381,39079,Jackson,OH,Ohio,33268,20832
1382,39081,Jefferson,OH,Ohio,69614,15912
1383,39083,Knox,OH,Ohio,60988,2202
1384,39085,Lake,OH,Ohio,230101,23584
1385,39087,Lawrence,OH,Ohio,62380,716
1386,39089,Licking,OH,Ohio,166701,140
1387,39091,Logan,OH,Ohio,45805,215
1388,39093,Lorain,OH,Ohio,301449,229
1389,39095,Lucas,OH,Ohio,441468,760
1390,39097,Madison,OH,Ohio,43446,3938
1391,39099,Mahoning,OH,Ohio,238310,154
1392,39101,Marion,OH,Ohio,66482,22437
1393,39103,Medina,OH,Ohio,172592,160
1394,39105,Meigs,OH,Ohio,23745,26
1395,39107,Mercer,OH,Ohio,40793,3078
1396,39109,Miami,OH,Ohio,102461,140
1397,39111,Monroe,OH,Ohio,14590,13231
1398,39113,Montgomery,OH,Ohio,535059,41476
1399,39115,Morgan,OH,Ohio,15025,1267
1400,39117,Morrow,OH,Ohio,34793,904
1401,39119,Muskingum,OH,Ohio,86142,58
1402,39121,Noble,OH,Ohio,14637,70
1403,39123,Ottawa,OH,Ohio,41381,734
1404,39125,Paulding,OH,Ohio,19581,70
1405,39127,Perry,OH,Ohio,36058,514
1406,39129,Pickaway,OH,Ohio,55803,112
1407,39131,Pike,OH,Ohio,28692,660
1408,39133,Portage,OH,Ohio,161386,218
1409,39135,Preble,OH,Ohio,42185,98
1410,39137,Putnam,OH,Ohio,34464,2902
1411,39139,Richland,OH,Ohio,124177,9842
1412,39141,Ross,OH,Ohio,78090,49
1413,39143,Sandusky,OH,Ohio,60882,50
1414,39145,Scioto,OH,Ohio,79506,32
1415,39147,Seneca,OH,Ohio,56662,303
1416,39149,Shelby,OH,Ohio,49374,5567
1417,39151,Stark,OH,Ohio,375321,286
1418,39153,Summit,OH,Ohio,541565,3716
1419,39155,Trumbull,OH,Ohio,209936,142
1420,39157,Tuscarawas,OH,Ohio,92542,49
1421,39159,Union,OH,Ohio,52390,9017
1422,39161,Van Wert,OH,Ohio,28698,31
1423,39163,Vinton,OH,Ohio,13415,16
1424,39165,Warren,OH,Ohio,213192,2551
1425,39167,Washington,OH,Ohio,61683,16889
1426,39169,Wayne,OH,Ohio,114505,11892
1427,39171,Williams,OH,Ohio,37535,120
1428,39173,Wood,OH,Ohio,125502,565
1429,39175,Wyandot,OH,Ohio,22596,16
1430,40001,Adair,OK,Oklahoma,22736,189
1431,40005,Atoka,OK,Oklahoma,14195,1
1432,40007,Beaver,OK,Oklahoma,5651,684
1433,40009,Beckham,OK,Oklahoma,22006,10
1434,40011,Blaine,OK,Oklahoma,11968,57
1435,40013,Bryan,OK,Oklahoma,42574,166
1436,40015,Caddo,OK,Oklahoma,29665,6406
1437,40017,Canadian,OK,Oklahoma,116237,194
1438,40019,Carter,OK,Oklahoma,47622,86
1439,40021,Cherokee,OK,Oklahoma,47139,1877
1440,40023,Choctaw,OK,Oklahoma,15225,15
1441,40027,Cleveland,OK,Oklahoma,256895,440
1442,40029,Coal,OK,Oklahoma,5910,4
1443,40031,Comanche,OK,Oklahoma,125368,21
1444,40033,Cotton,OK,Oklahoma,6201,6
1445,40035,Craig,OK,Oklahoma,15074,9
1446,40037,Creek,OK,Oklahoma,70133,30
1447,40039,Custer,OK,Oklahoma,27517,162
1448,40041,Delaware,OK,Oklahoma,41525,4207
1449,40043,Dewey,OK,Oklahoma,4810,2
1450,40045,Ellis,OK,Oklahoma,4154,317
1451,40047,Garfield,OK,Oklahoma,60756,896
1452,40049,Garvin,OK,Oklahoma,27553,11
1453,40051,Grady,OK,Oklahoma,52481,27
1454,40053,Grant,OK,Oklahoma,4534,1661
1455,40055,Greer,OK,Oklahoma,6217,1
1456,40061,Haskell,OK,Oklahoma,12755,1
1457,40063,Hughes,OK,Oklahoma,14024,5
1458,40065,Jackson,OK,Oklahoma,26496,20832
1459,40067,Jefferson,OK,Oklahoma,6445,15912
1460,40069,Johnston,OK,Oklahoma,10984,1189
1461,40071,Kay,OK,Oklahoma,46460,7
1462,40073,Kingfisher,OK,Oklahoma,15064,3
1463,40075,Kiowa,OK,Oklahoma,9436,44
1464,40079,Le Flore,OK,Oklahoma,50520,1
1465,40081,Lincoln,OK,Oklahoma,34301,3393
1466,40083,Logan,OK,Oklahoma,42038,215
1467,40085,Love,OK,Oklahoma,9442,13
1468,40087,McClain,OK,Oklahoma,34715,50
1469,40089,McCurtain,OK,Oklahoma,33212,1
1470,40091,McIntosh,OK,Oklahoma,20268,90
1471,40095,Marshall,OK,Oklahoma,15887,281
1472,40097,Mayes,OK,Oklahoma,41283,1
1473,40099,Murray,OK,Oklahoma,13514,214
1474,40101,Muskogee,OK,Oklahoma,71110,2
1475,40103,Noble,OK,Oklahoma,11551,70
1476,40105,Nowata,OK,Oklahoma,10512,6
1477,40107,Okfuskee,OK,Oklahoma,12203,7
1478,40109,Oklahoma,OK,Oklahoma,721178,3174
1479,40111,Okmulgee,OK,Oklahoma,40146,8
1480,40113,Osage,OK,Oklahoma,47416,35
1481,40115,Ottawa,OK,Oklahoma,31831,734
1482,40117,Pawnee,OK,Oklahoma,16577,18
1483,40119,Payne,OK,Oklahoma,77448,8
1484,40121,Pittsburg,OK,Oklahoma,45854,3
1485,40123,Pontotoc,OK,Oklahoma,37566,14
1486,40125,Pottawatomie,OK,Oklahoma,69608,53
1487,40131,Rogers,OK,Oklahoma,86988,30
1488,40133,Seminole,OK,Oklahoma,25465,4081
1489,40135,Sequoyah,OK,Oklahoma,42432,8
1490,40137,Stephens,OK,Oklahoma,45097,38
1491,40139,Texas,OK,Oklahoma,20843,6
1492,40143,Tulsa,OK,Oklahoma,605418,4734
1493,40145,Wagoner,OK,Oklahoma,73349,16
1494,40147,Washington,OK,Oklahoma,51045,16889
1495,40149,Washita,OK,Oklahoma,11619,1
1496,40151,Woods,OK,Oklahoma,8896,1
1497,40153,Woodward,OK,Oklahoma,19970,4
1498,41001,Baker,OR,Oregon,16097,3116
1499,41003,Benton,OR,Oregon,85575,2167
1500,41005,Clackamas,OR,Oregon,376891,7489
1501,41007,Clatsop,OR,Oregon,37070,2645
1502,41009,Columbia,OR,Oregon,49343,4605
1503,41011,Coos,OR,Oregon,63025,2350
1504,41013,Crook,OR,Oregon,20864,837
1505,41015,Curry,OR,Oregon,22337,1132
1506,41017,Deschutes,OR,Oregon,157894,6330
1507,41019,Douglas,OR,Oregon,107638,12137
1508,41021,Gilliam,OR,Oregon,1871,846
1509,41023,Grant,OR,Oregon,7458,1661
1510,41025,Harney,OR,Oregon,7399,929
1511,41027,Hood River,OR,Oregon,22451,1198
1512,41029,Jackson,OR,Oregon,203462,20832
1513,41031,Jefferson,OR,Oregon,21670,15912
1514,41033,Josephine,OR,Oregon,82807,3373
1515,41035,Klamath,OR,Oregon,66345,5046
1516,41037,Lake,OR,Oregon,7872,23584
1517,41039,Lane,OR,Oregon,351983,8219
1518,41041,Lincoln,OR,Oregon,46054,3393
1519,41043,Linn,OR,Oregon,116910,5287
1520,41045,Malheur,OR,Oregon,31319,3011
1521,41047,Marion,OR,Oregon,316096,22437
1522,41049,Morrow,OR,Oregon,11207,904
1523,41051,Multnomah,OR,Oregon,737902,19303
1524,41053,Polk,OR,Oregon,75625,7135
1525,41055,Sherman,OR,Oregon,1774,1023
1526,41057,Tillamook,OR,Oregon,25265,1854
1527,41059,Umatilla,OR,Oregon,76079,5859
1528,41061,Union,OR,Oregon,25796,9017
1529,41063,Wallowa,OR,Oregon,7027,559
1530,41065,Wasco,OR,Oregon,25266,2824
1531,41067,Washington,OR,Oregon,531744,16889
1532,41069,Wheeler,OR,Oregon,1450,448
1533,41071,Yamhill,OR,Oregon,99391,2730
1534,42001,Adams,PA,Pennsylvania,101485,5055
1535,42003,Allegheny,PA,Pennsylvania,1223583,5875
1536,42005,Armstrong,PA,Pennsylvania,68839,128
1537,42007,Beaver,PA,Pennsylvania,170567,684
1538,42009,Bedford,PA,Pennsylvania,49709,987
1539,42011,Berks,PA,Pennsylvania,411850,1961
1540,42013,Blair,PA,Pennsylvania,127031,1557
1541,42015,Bradford,PA,Pennsylvania,62651,321
1542,42017,Bucks,PA,Pennsylvania,625472,1935
1543,42019,Butler,PA,Pennsylvania,184059,584
1544,42021,Cambria,PA,Pennsylvania,143498,1470
1545,42023,Cameron,PA,Pennsylvania,5080,65
1546,42025,Carbon,PA,Pennsylvania,65220,1033
1547,42027,Centre,PA,Pennsylvania,154127,2081
1548,42029,Chester,PA,Pennsylvania,499797,7208
1549,42031,Clarion,PA,Pennsylvania,39910,319
1550,42033,Clearfield,PA,Pennsylvania,81562,1782
1551,42035,Clinton,PA,Pennsylvania,39230,1155
1552,42037,Columbia,PA,Pennsylvania,67268,4605
1553,42039,Crawford,PA,Pennsylvania,88657,446
1554,42041,Cumberland,PA,Pennsylvania,235861,4363
1555,42043,Dauphin,PA,Pennsylvania,268220,2368
1556,42045,Delaware,PA,Pennsylvania,559276,4207
1557,42047,Elk,PA,Pennsylvania,31850,560
1558,42049,Erie,PA,Pennsylvania,280686,5189
1559,42051,Fayette,PA,Pennsylvania,136446,1303
1560,42053,Forest,PA,Pennsylvania,7685,17
1561,42055,Franklin,PA,Pennsylvania,149834,6111
1562,42057,Fulton,PA,Pennsylvania,14852,12416
1563,42059,Greene,PA,Pennsylvania,38640,5767
1564,42061,Huntingdon,PA,Pennsylvania,45914,542
1565,42063,Indiana,PA,Pennsylvania,88847,172
1566,42065,Jefferson,PA,Pennsylvania,45231,15912
1567,42067,Juniata,PA,Pennsylvania,24622,458
1568,42069,Lackawanna,PA,Pennsylvania,214367,459
1569,42071,Lancaster,PA,Pennsylvania,520156,10110
1570,42073,Lawrence,PA,Pennsylvania,90968,716
1571,42075,Lebanon,PA,Pennsylvania,133688,889
1572,42077,Lehigh,PA,Pennsylvania,350106,1841
1573,42079,Luzerne,PA,Pennsylvania,320795,735
1574,42081,Lycoming,PA,Pennsylvania,116143,1723
1575,42083,McKean,PA,Pennsylvania,43356,609
1576,42085,Mercer,PA,Pennsylvania,116558,3078
1577,42087,Mifflin,PA,Pennsylvania,46666,633
1578,42089,Monroe,PA,Pennsylvania,169896,13231
1579,42091,Montgomery,PA,Pennsylvania,801052,41476
1580,42093,Montour,PA,Pennsylvania,18286,244
1581,42095,Northampton,PA,Pennsylvania,298101,1424
1582,42097,Northumberland,PA,Pennsylvania,94366,1103
1583,42099,Perry,PA,Pennsylvania,45995,514
1584,42101,Philadelphia,PA,Pennsylvania,1528306,7506
1585,42103,Pike,PA,Pennsylvania,57329,660
1586,42105,Potter,PA,Pennsylvania,17464,178
1587,42107,Schuylkill,PA,Pennsylvania,148228,482
1588,42109,Snyder,PA,Pennsylvania,39729,641
1589,42111,Somerset,PA,Pennsylvania,77626,2599
1590,42113,Sullivan,PA,Pennsylvania,6411,492
1591,42115,Susquehanna,PA,Pennsylvania,43277,283
1592,42117,Tioga,PA,Pennsylvania,42008,682
1593,42119,Union,PA,Pennsylvania,44964,9017
1594,42121,Venango,PA,Pennsylvania,54925,213
1595,42123,Warren,PA,Pennsylvania,41767,2551
1596,42125,Washington,PA,Pennsylvania,207875,16889
1597,42127,Wayne,PA,Pennsylvania,52895,11892
1598,42129,Westmoreland,PA,Pennsylvania,365012,2481
1599,42131,Wyoming,PA,Pennsylvania,28266,105
1600,42133,York,PA,Pennsylvania,435490,9117
1601,44001,Bristol,RI,Rhode Island,49853,650
1602,44003,Kent,RI,Rhode Island,166103,9072
1603,44005,Newport,RI,Rhode Island,82852,20
1604,44007,Providence,RI,Rhode Island,627070,3570
1605,44009,Washington,RI,Rhode Island,127008,16889
1606,45001,Abbeville,SC,South Carolina,25335,299
1607,45003,Aiken,SC,South Carolina,160565,2645
1608,45005,Allendale,SC,South Carolina,10351,99
1609,45007,Anderson,SC,South Carolina,187269,4556
1610,45009,Bamberg,SC,South Carolina,15949,183
1611,45011,Barnwell,SC,South Carolina,22630,239
1612,45013,Beaufort,SC,South Carolina,162989,1507
1613,45015,Berkeley,SC,South Carolina,178783,3797
1614,45017,Calhoun,SC,South Carolina,15126,1437
1615,45019,Charleston,SC,South Carolina,351482,2488
1616,45021,Cherokee,SC,South Carolina,55397,1877
1617,45023,Chester,SC,South Carolina,33096,7208
1618,45025,Chesterfield,SC,South Carolina,46665,7017
1619,45027,Clarendon,SC,South Carolina,34944,776
1620,45029,Colleton,SC,South Carolina,38914,1357
1621,45031,Darlington,SC,South Carolina,68617,1200
1622,45033,Dillon,SC,South Carolina,32120,807
1623,45035,Dorchester,SC,South Carolina,137476,2538
1624,45037,Edgefield,SC,South Carolina,26966,176
1625,45039,Fairfield,SC,South Carolina,23890,9225
1626,45041,Florence,SC,South Carolina,137088,4029
1627,45043,Georgetown,SC,South Carolina,60094,569
1628,45045,Greenville,SC,South Carolina,452859,11051
1629,45047,Greenwood,SC,South Carolina,69703,873
1630,45049,Hampton,SC,South Carolina,21049,2120
1631,45051,Horry,SC,South Carolina,270430,5803
1632,45053,Jasper,SC,South Carolina,24939,1831
1633,45055,Kershaw,SC,South Carolina,61851,1369
1634,45057,Lancaster,SC,South Carolina,76889,10110
1635,45059,Laurens,SC,South Carolina,66500,1411
1636,45061,Lee,SC,South Carolina,19191,13641
1637,45063,Lexington,SC,South Carolina,263406,6018
1638,45065,McCormick,SC,South Carolina,10228,94
1639,45067,Marion,SC,South Carolina,33001,22437
1640,45069,Marlboro,SC,South Carolina,28873,509
1641,45071,Newberry,SC,South Carolina,37575,683
1642,45073,Oconee,SC,South Carolina,74359,1443
1643,45075,Orangeburg,SC,South Carolina,92346,2637
1644,45077,Pickens,SC,South Carolina,119217,1547
1645,45079,Richland,SC,South Carolina,385745,9842
1646,45081,Saluda,SC,South Carolina,19926,171
1647,45083,Spartanburg,SC,South Carolina,284713,7548
1648,45085,Sumter,SC,South Carolina,107570,2797
1649,45087,Union,SC,South Carolina,28867,9017
1650,45089,Williamsburg,SC,South Carolina,34358,314
1651,45091,York,SC,South Carolina,226971,9117
1652,46003,Aurora,SD,South Dakota,2713,2
1653,46005,Beadle,SD,South Dakota,17408,11
1654,46009,Bon Homme,SD,South Dakota,7077,1
1655,46011,Brookings,SD,South Dakota,32003,3
1656,46013,Brown,SD,South Dakota,36627,422
1657,46015,Brule,SD,South Dakota,5275,10
1658,46017,Buffalo,SD,South Dakota,1935,35
1659,46019,Butte,SD,South Dakota,10138,3565
1660,46021,Campbell,SD,South Dakota,1466,810
1661,46023,Charles Mix,SD,South Dakota,9144,6
1662,46025,Clark,SD,South Dakota,3686,4581
1663,46027,Clay,SD,South Dakota,13861,4290
1664,46031,Corson,SD,South Dakota,4074,7
1665,46033,Custer,SD,South Dakota,8250,162
1666,46035,Davison,SD,South Dakota,19533,2
1667,46039,Deuel,SD,South Dakota,4352,21
1668,46041,Dewey,SD,South Dakota,5336,2
1669,46043,Douglas,SD,South Dakota,2994,12137
1670,46051,Grant,SD,South Dakota,7340,1661
1671,46053,Gregory,SD,South Dakota,4268,1
1672,46061,Hanson,SD,South Dakota,3330,1
1673,46065,Hughes,SD,South Dakota,17074,5
1674,46067,Hutchinson,SD,South Dakota,7343,9
1675,46069,Hyde,SD,South Dakota,1417,4
1676,46071,Jackson,SD,South Dakota,3039,20832
1677,46075,Jones,SD,South Dakota,1012,112
1678,46077,Kingsbury,SD,South Dakota,5152,1
1679,46079,Lake,SD,South Dakota,11260,23584
1680,46081,Lawrence,SD,South Dakota,24193,716
1681,46083,Lincoln,SD,South Dakota,45190,3393
1682,46085,Lyman,SD,South Dakota,3770,1
1683,46087,McCook,SD,South Dakota,5628,4
1684,46089,McPherson,SD,South Dakota,2454,2
1685,46091,Marshall,SD,South Dakota,4659,281
1686,46093,Meade,SD,South Dakota,25454,9
1687,46095,Mellette,SD,South Dakota,2051,1
1688,46099,Minnehaha,SD,South Dakota,169987,105
1689,46103,Pennington,SD,South Dakota,101348,19
1690,46105,Perkins,SD,South Dakota,2995,3
1691,46107,Potter,SD,South Dakota,2339,178
1692,46113,Shannon,SD,South Dakota,13644,1
1693,46121,Todd,SD,South Dakota,9659,573
1694,46125,Turner,SD,South Dakota,8353,34
1695,46127,Union,SD,South Dakota,14501,9017
1696,46129,Walworth,SD,South Dakota,5454,129
1697,47001,Anderson,TN,Tennessee,75160,4556
1698,47003,Bedford,TN,Tennessee,45161,987
1699,47005,Benton,TN,Tennessee,16499,2167
1700,47007,Bledsoe,TN,Tennessee,12863,23
1701,47009,Blount,TN,Tennessee,123119,501
1702,47011,Bradley,TN,Tennessee,99078,411
1703,47013,Campbell,TN,Tennessee,40696,810
1704,47015,Cannon,TN,Tennessee,13795,16
1705,47017,Carroll,TN,Tennessee,28518,1779
1706,47019,Carter,TN,Tennessee,57358,86
1707,47021,Cheatham,TN,Tennessee,39103,164
1708,47023,Chester,TN,Tennessee,17146,7208
1709,47025,Claiborne,TN,Tennessee,32234,19
1710,47027,Clay,TN,Tennessee,7871,4290
1711,47029,Cocke,TN,Tennessee,35616,138
1712,47031,Coffee,TN,Tennessee,52780,247
1713,47033,Crockett,TN,Tennessee,14586,8
1714,47035,Cumberland,TN,Tennessee,56130,4363
1715,47037,Davidson,TN,Tennessee,628133,26259
1716,47039,Decatur,TN,Tennessee,11742,106
1717,47041,DeKalb,TN,Tennessee,18727,6626
1718,47043,Dickson,TN,Tennessee,49733,136
1719,47045,Dyer,TN,Tennessee,38349,12
1720,47047,Fayette,TN,Tennessee,38432,1303
1721,47049,Fentress,TN,Tennessee,17946,5
1722,47051,Franklin,TN,Tennessee,41010,6111
1723,47053,Gibson,TN,Tennessee,49717,82
1724,47055,Giles,TN,Tennessee,29380,131
1725,47057,Grainger,TN,Tennessee,22716,16
1726,47059,Greene,TN,Tennessee,68797,5767
1727,47061,Grundy,TN,Tennessee,13688,200
1728,47063,Hamblen,TN,Tennessee,62634,63
1729,47065,Hamilton,TN,Tennessee,337294,16638
1730,47067,Hancock,TN,Tennessee,6831,644
1731,47069,Hardeman,TN,Tennessee,27174,4
1732,47071,Hardin,TN,Tennessee,26025,127
1733,47073,Hawkins,TN,Tennessee,56848,35
1734,47075,Haywood,TN,Tennessee,18762,719
1735,47077,Henderson,TN,Tennessee,27752,862
1736,47079,Henry,TN,Tennessee,32349,1641
1737,47081,Hickman,TN,Tennessee,24659,113
1738,47083,Houston,TN,Tennessee,8436,681
1739,47085,Humphreys,TN,Tennessee,18552,110
1740,47087,Jackson,TN,Tennessee,11654,20832
1741,47089,Jefferson,TN,Tennessee,51437,15912
1742,47091,Johnson,TN,Tennessee,18258,6391
1743,47093,Knox,TN,Tennessee,433108,2202
1744,47095,Lake,TN,Tennessee,7826,23584
1745,47097,Lauderdale,TN,Tennessee,27773,79
1746,47099,Lawrence,TN,Tennessee,41991,716
1747,47101,Lewis,TN,Tennessee,12173,600
1748,47103,Lincoln,TN,Tennessee,33439,3393
1749,47105,Loudon,TN,Tennessee,48725,237
1750,47107,McMinn,TN,Tennessee,52236,236
1751,47111,Macon,TN,Tennessee,22294,236
1752,47113,Madison,TN,Tennessee,98395,3938
1753,47115,Marion,TN,Tennessee,28269,22437
1754,47117,Marshall,TN,Tennessee,30684,281
1755,47119,Maury,TN,Tennessee,81141,103
1756,47121,Meigs,TN,Tennessee,11762,26
1757,47123,Monroe,TN,Tennessee,44608,13231
1758,47125,Montgomery,TN,Tennessee,173307,41476
1759,47127,Moore,TN,Tennessee,6363,108
1760,47129,Morgan,TN,Tennessee,21998,1267
1761,47131,Obion,TN,Tennessee,31799,11
1762,47133,Overton,TN,Tennessee,22086,13
1763,47135,Perry,TN,Tennessee,7935,514
1764,47137,Pickett,TN,Tennessee,5061,4
1765,47139,Polk,TN,Tennessee,16823,7135
1766,47141,Putnam,TN,Tennessee,72564,2902
1767,47143,Rhea,TN,Tennessee,31842,25
1768,47145,Roane,TN,Tennessee,54091,358
1769,47147,Robertson,TN,Tennessee,66469,387
1770,47149,Rutherford,TN,Tennessee,263740,899
1771,47151,Scott,TN,Tennessee,22231,2396
1772,47153,Sequatchie,TN,Tennessee,14095,43
1773,47155,Sevier,TN,Tennessee,90072,964
1774,47157,Shelby,TN,Tennessee,929030,5567
1775,47159,Smith,TN,Tennessee,19147,2565
1776,47161,Stewart,TN,Tennessee,13350,33
1777,47163,Sullivan,TN,Tennessee,156794,492
1778,47165,Sumner,TN,Tennessee,161250,288
1779,47167,Tipton,TN,Tennessee,61118,20
1780,47169,Trousdale,TN,Tennessee,7870,12
1781,47171,Unicoi,TN,Tennessee,18278,34
1782,47173,Union,TN,Tennessee,19068,9017
1783,47175,Van Buren,TN,Tennessee,5550,332
1784,47177,Warren,TN,Tennessee,39899,2551
1785,47179,Washington,TN,Tennessee,123338,16889
1786,47181,Wayne,TN,Tennessee,17005,11892
1787,47183,Weakley,TN,Tennessee,35024,9
1788,47185,White,TN,Tennessee,25847,284
1789,47187,Williamson,TN,Tennessee,184035,1594
1790,47189,Wilson,TN,Tennessee,114537,473
1791,48001,Anderson,TX,Texas,58452,4556
1792,48003,Andrews,TX,Texas,14833,2
1793,48005,Angelina,TX,Texas,86953,13
1794,48009,Archer,TX,Texas,9060,9
1795,48011,Armstrong,TX,Texas,1902,128
1796,48013,Atascosa,TX,Texas,45003,21
1797,48015,Austin,TX,Texas,28443,17
1798,48017,Bailey,TX,Texas,7180,1
1799,48021,Bastrop,TX,Texas,74403,40
1800,48023,Baylor,TX,Texas,3725,2
1801,48027,Bell,TX,Texas,313000,76
1802,48029,Bexar,TX,Texas,1723780,6927
1803,48031,Blanco,TX,Texas,10527,11
1804,48037,Bowie,TX,Texas,92723,12
1805,48039,Brazoria,TX,Texas,314494,410
1806,48041,Brazos,TX,Texas,195693,24
1807,48047,Brooks,TX,Texas,7201,39
1808,48049,Brown,TX,Texas,38145,422
1809,48053,Burnet,TX,Texas,42854,20
1810,48055,Caldwell,TX,Texas,38141,158
1811,48057,Calhoun,TX,Texas,21360,1437
1812,48059,Callahan,TX,Texas,13540,4
1813,48061,Cameron,TX,Texas,408054,65
1814,48065,Carson,TX,Texas,6165,3
1815,48067,Cass,TX,Texas,30487,1756
1816,48071,Chambers,TX,Texas,35311,71
1817,48073,Cherokee,TX,Texas,50923,1877
1818,48077,Clay,TX,Texas,10728,4290
1819,48085,Collin,TX,Texas,788407,1808
1820,48089,Colorado,TX,Texas,20898,20
1821,48091,Comal,TX,Texas,109382,192
1822,48093,Comanche,TX,Texas,13981,21
1823,48095,Concho,TX,Texas,4077,1
1824,48097,Cooke,TX,Texas,38452,14
1825,48099,Coryell,TX,Texas,75645,5
1826,48105,Crockett,TX,Texas,3711,8
1827,48107,Crosby,TX,Texas,6059,2
1828,48109,Culberson,TX,Texas,2403,16
1829,48111,Dallam,TX,Texas,6738,3
1830,48113,Dallas,TX,Texas,2377351,50050
1831,48115,Dawson,TX,Texas,13867,247
1832,48119,Delta,TX,Texas,5253,46
1833,48121,Denton,TX,Texas,667053,2017
1834,48125,Dickens,TX,Texas,2453,1
1835,48127,Dimmit,TX,Texas,10040,2
1836,48129,Donley,TX,Texas,3681,3
1837,48131,Duval,TX,Texas,11739,14517
1838,48133,Eastland,TX,Texas,18602,23
1839,48135,Ector,TX,Texas,137145,14
1840,48137,Edwards,TX,Texas,1993,3
1841,48139,Ellis,TX,Texas,150462,317
1842,48141,El Paso,TX,Texas,804338,5725
1843,48143,Erath,TX,Texas,37948,7
1844,48145,Falls,TX,Texas,17879,1
1845,48147,Fannin,TX,Texas,33905,3
1846,48149,Fayette,TX,Texas,24531,1303
1847,48153,Floyd,TX,Texas,6423,522
1848,48157,Fort Bend,TX,Texas,590350,690
1849,48159,Franklin,TX,Texas,10614,6111
1850,48161,Freestone,TX,Texas,19831,9
1851,48163,Frio,TX,Texas,17224,2
1852,48167,Galveston,TX,Texas,292607,391
1853,48169,Garza,TX,Texas,6449,1
1854,48171,Gillespie,TX,Texas,24899,8
1855,48175,Goliad,TX,Texas,7223,5
1856,48177,Gonzales,TX,Texas,19866,15
1857,48179,Gray,TX,Texas,22456,3
1858,48181,Grayson,TX,Texas,121145,36
1859,48183,Gregg,TX,Texas,121854,6
1860,48185,Grimes,TX,Texas,26659,13
1861,48187,Guadalupe,TX,Texas,132431,241
1862,48189,Hale,TX,Texas,36377,25
1863,48191,Hall,TX,Texas,3355,318
1864,48193,Hamilton,TX,Texas,8501,16638
1865,48197,Hardeman,TX,Texas,4152,4
1866,48199,Hardin,TX,Texas,54748,127
1867,48201,Harris,TX,Texas,4110771,42559
1868,48203,Harrison,TX,Texas,65766,636
1869,48205,Hartley,TX,Texas,6066,2
1870,48207,Haskell,TX,Texas,5890,1
1871,48209,Hays,TX,Texas,158312,306
1872,48213,Henderson,TX,Texas,78647,862
1873,48215,Hidalgo,TX,Texas,780087,68
1874,48217,Hill,TX,Texas,35136,119
1875,48219,Hockley,TX,Texas,22864,1
1876,48221,Hood,TX,Texas,51306,3
1877,48223,Hopkins,TX,Texas,35230,3
1878,48225,Houston,TX,Texas,23723,681
1879,48227,Howard,TX,Texas,35003,2858
1880,48229,Hudspeth,TX,Texas,3487,12
1881,48231,Hunt,TX,Texas,86353,33
1882,48233,Hutchinson,TX,Texas,22122,9
1883,48239,Jackson,TX,Texas,14077,20832
1884,48241,Jasper,TX,Texas,35809,1831
1885,48243,Jeff Davis,TX,Texas,2346,11
1886,48245,Jefferson,TX,Texas,252390,15912
1887,48249,Jim Wells,TX,Texas,40919,2
1888,48251,Johnson,TX,Texas,151211,6391
1889,48253,Jones,TX,Texas,20215,112
1890,48257,Kaufman,TX,Texas,103927,370
1891,48259,Kendall,TX,Texas,33700,88
1892,48263,Kent,TX,Texas,809,9072
1893,48265,Kerr,TX,Texas,49658,7
1894,48267,Kimble,TX,Texas,4599,7
1895,48269,King,TX,Texas,289,15903
1896,48275,Knox,TX,Texas,3732,2202
1897,48277,Lamar,TX,Texas,49842,359
1898,48279,Lamb,TX,Texas,14025,3
1899,48283,La Salle,TX,Texas,6899,24
1900,48285,Lavaca,TX,Texas,19256,1
1901,48287,Lee,TX,Texas,16610,13641
1902,48289,Leon,TX,Texas,16780,3330
1903,48291,Liberty,TX,Texas,75868,213
1904,48293,Limestone,TX,Texas,23428,383
1905,48297,Live Oak,TX,Texas,11560,1
1906,48303,Lubbock,TX,Texas,280237,8
1907,48309,McLennan,TX,Texas,236028,144
1908,48313,Madison,TX,Texas,13725,3938
1909,48315,Marion,TX,Texas,10494,22437
1910,48317,Martin,TX,Texas,4825,1923
1911,48319,Mason,TX,Texas,4022,389
1912,48321,Matagorda,TX,Texas,36751,1
1913,48323,Maverick,TX,Texas,54521,2
1914,48325,Medina,TX,Texas,46115,160
1915,48327,Menard,TX,Texas,2243,5
1916,48329,Midland,TX,Texas,136975,153
1917,48331,Milam,TX,Texas,24714,13
1918,48333,Mills,TX,Texas,4955,64
1919,48335,Mitchell,TX,Texas,9407,66
1920,48337,Montague,TX,Texas,19694,13
1921,48339,Montgomery,TX,Texas,459018,41476
1922,48341,Moore,TX,Texas,21990,108
1923,48343,Morris,TX,Texas,12918,2109
1924,48347,Nacogdoches,TX,Texas,64710,9
1925,48349,Navarro,TX,Texas,47812,18
1926,48351,Newton,TX,Texas,14423,405
1927,48353,Nolan,TX,Texas,15238,12
1928,48355,Nueces,TX,Texas,340480,17
1929,48359,Oldham,TX,Texas,2054,70
1930,48361,Orange,TX,Texas,81930,114917
1931,48363,Palo Pinto,TX,Texas,28112,15
1932,48365,Panola,TX,Texas,23824,28
1933,48367,Parker,TX,Texas,117283,153
1934,48371,Pecos,TX,Texas,15535,11
1935,48373,Polk,TX,Texas,45395,7135
1936,48375,Potter,TX,Texas,121446,178
1937,48381,Randall,TX,Texas,121208,5
1938,48387,Red River,TX,Texas,12870,1
1939,48389,Reeves,TX,Texas,13798,16
1940,48395,Robertson,TX,Texas,16603,387
1941,48397,Rockwall,TX,Texas,79003,545
1942,48401,Rusk,TX,Texas,53393,17
1943,48403,Sabine,TX,Texas,10853,2
1944,48407,San Jacinto,TX,Texas,26451,5
1945,48409,San Patricio,TX,Texas,64586,20
1946,48419,Shelby,TX,Texas,25455,5567
1947,48421,Sherman,TX,Texas,3034,1023
1948,48423,Smith,TX,Texas,210512,2565
1949,48429,Stephens,TX,Texas,9616,38
1950,48431,Sterling,TX,Texas,1138,1
1951,48435,Sutton,TX,Texas,4080,1
1952,48439,Tarrant,TX,Texas,1817658,11673
1953,48441,Taylor,TX,Texas,131896,262
1954,48443,Terrell,TX,Texas,1003,15
1955,48449,Titus,TX,Texas,32490,4
1956,48451,Tom Green,TX,Texas,110679,1
1957,48453,Travis,TX,Texas,1030806,20689
1958,48455,Trinity,TX,Texas,14604,948
1959,48457,Tyler,TX,Texas,21741,2
1960,48459,Upshur,TX,Texas,39355,9
1961,48463,Uvalde,TX,Texas,26477,7
1962,48467,Van Zandt,TX,Texas,52637,3
1963,48469,Victoria,TX,Texas,86878,24
1964,48471,Walker,TX,Texas,68185,283
1965,48473,Waller,TX,Texas,43422,159
1966,48475,Ward,TX,Texas,10625,111
1967,48477,Washington,TX,Texas,33782,16889
1968,48479,Webb,TX,Texas,251632,7
1969,48481,Wharton,TX,Texas,41369,23
1970,48483,Wheeler,TX,Texas,5407,448
1971,48485,Wichita,TX,Texas,131685,1058
1972,48487,Wilbarger,TX,Texas,13524,1
1973,48491,Williamson,TX,Texas,426645,1594
1974,48493,Wilson,TX,Texas,43122,473
1975,48495,Winkler,TX,Texas,7096,1
1976,48497,Wise,TX,Texas,59141,50
1977,48499,Wood,TX,Texas,42019,565
1978,48501,Yoakum,TX,Texas,7865,4
1979,48503,Young,TX,Texas,18559,5
1980,49001,Beaver,UT,Utah,6643,684
1981,49003,Box Elder,UT,Utah,50155,1495
1982,49005,Cache,UT,Utah,113417,128
1983,49007,Carbon,UT,Utah,21462,1033
1984,49009,Daggett,UT,Utah,1063,63
1985,49011,Davis,UT,Utah,307856,4367
1986,49013,Duchesne,UT,Utah,18616,323
1987,49015,Emery,UT,Utah,10991,486
1988,49017,Garfield,UT,Utah,5194,896
1989,49019,Grand,UT,Utah,9296,578
1990,49021,Iron,UT,Utah,46310,1296
1991,49023,Juab,UT,Utah,10258,678
1992,49025,Kane,UT,Utah,7156,1200
1993,49027,Millard,UT,Utah,12554,702
1994,49029,Morgan,UT,Utah,9509,1267
1995,49031,Piute,UT,Utah,1561,46
1996,49033,Rich,UT,Utah,2265,7
1997,49035,Salt Lake,UT,Utah,1033910,20059
1998,49037,San Juan,UT,Utah,14836,503
1999,49039,Sanpete,UT,Utah,27886,387
2000,49041,Sevier,UT,Utah,20818,964
2001,49043,Summit,UT,Utah,36521,3716
2002,49045,Tooele,UT,Utah,58557,1622
2003,49047,Uintah,UT,Utah,32434,296
2004,49049,Utah,UT,Utah,520049,5133
2005,49051,Wasatch,UT,Utah,23705,1315
2006,49053,Washington,UT,Utah,138451,16889
2007,49055,Wayne,UT,Utah,2768,11892
2008,49057,Weber,UT,Utah,232228,4141
2009,50001,Addison,VT,Vermont,36810,22
2010,50003,Bennington,VT,Vermont,37089,26
2011,50005,Caledonia,VT,Vermont,31202,8
2012,50007,Chittenden,VT,Vermont,156705,68
2013,50009,Essex,VT,Vermont,6298,7058
2014,50009,Essex,VT,Virginia,11167,7058
2015,50011,Franklin,VT,Vermont,47806,6111
2016,50011,Franklin,VT,Virginia,56191,6111
2017,50013,Grand Isle,VT,Vermont,6966,12
2018,50015,Lamoille,VT,Vermont,24618,8
2019,50017,Orange,VT,Vermont,28928,114917
2020,50017,Orange,VT,Virginia,33535,114917
2021,50019,Orleans,VT,Vermont,27231,16278
2022,50021,Rutland,VT,Vermont,61566,26
2023,50023,Washington,VT,Vermont,59577,16889
2024,50023,Washington,VT,Virginia,54877,16889
2025,50025,Windham,VT,Vermont,44510,471
2026,50027,Windsor,VT,Vermont,56654,73
2027,53001,Adams,WA,Washington,18821,5055
2028,53003,Asotin,WA,Washington,21688,5
2029,53005,Benton,WA,Washington,176455,2167
2030,53007,Chelan,WA,Washington,72735,38
2031,53009,Clallam,WA,Washington,71515,143
2032,53011,Clark,WA,Washington,427044,4581
2033,53013,Columbia,WA,Washington,4113,4605
2034,53015,Cowlitz,WA,Washington,102501,378
2035,53017,Douglas,WA,Washington,38589,12137
2036,53019,Ferry,WA,Washington,7553,18
2037,53021,Franklin,WA,Washington,79223,6111
2038,53023,Garfield,WA,Washington,2269,896
2039,53025,Grant,WA,Washington,89744,1661
2040,53025,Grant,WA,West Virginia,11924,1661
2041,53027,Grays Harbor,WA,Washington,72882,219
2042,53029,Island,WA,Washington,78681,164
2043,53031,Jefferson,WA,Washington,29924,15912
2044,53031,Jefferson,WA,West Virginia,53659,15912
2045,53033,King,WA,Washington,1937961,15903
2046,53035,Kitsap,WA,Washington,251809,557
2047,53037,Kittitas,WA,Washington,41028,231
2048,53039,Klickitat,WA,Washington,20378,128
2049,53041,Lewis,WA,Washington,75487,600
2050,53041,Lewis,WA,West Virginia,16383,600
2051,53043,Lincoln,WA,Washington,10561,3393
2052,53043,Lincoln,WA,West Virginia,21702,3393
2053,53045,Mason,WA,Washington,60766,389
2054,53045,Mason,WA,West Virginia,27289,389
2055,53047,Okanogan,WA,Washington,41257,14
2056,53049,Pacific,WA,Washington,20886,190
2057,53051,Pend Oreille,WA,Washington,12983,23
2058,53053,Pierce,WA,Washington,795628,4991
2059,53055,San Juan,WA,Washington,15783,503
2060,53057,Skagit,WA,Washington,117102,623
2061,53059,Skamania,WA,Washington,11102,87
2062,53061,Snohomish,WA,Washington,715470,3689
2063,53063,Spokane,WA,Washington,472147,823
2064,53065,Stevens,WA,Washington,43486,133
2065,53067,Thurston,WA,Washington,253087,924
2066,53069,Wahkiakum,WA,Washington,3971,17
2067,53071,Walla Walla,WA,Washington,58963,10
2068,53073,Whatcom,WA,Washington,201628,708
2069,53075,Whitman,WA,Washington,44791,49
2070,53077,Yakima,WA,Washington,244485,65
2071,55001,Adams,WI,Wisconsin,20843,5055
2072,55003,Ashland,WI,Wisconsin,16181,51
2073,55005,Barron,WI,Wisconsin,45850,22
2074,55007,Bayfield,WI,Wisconsin,15004,10
2075,55009,Brown,WI,Wisconsin,248506,422
2076,55011,Buffalo,WI,Wisconsin,13575,35
2077,55013,Burnett,WI,Wisconsin,15417,9
2078,55015,Calumet,WI,Wisconsin,49040,11
2079,55017,Chippewa,WI,Wisconsin,62515,303
2080,55019,Clark,WI,Wisconsin,34693,4581
2081,55021,Columbia,WI,Wisconsin,56904,4605
2082,55023,Crawford,WI,Wisconsin,16630,446
2083,55025,Dane,WI,Wisconsin,489309,845
2084,55027,Dodge,WI,Wisconsin,88748,480
2085,55029,Door,WI,Wisconsin,27730,2
2086,55031,Douglas,WI,Wisconsin,44184,12137
2087,55033,Dunn,WI,Wisconsin,43898,105
2088,55035,Eau Claire,WI,Wisconsin,98928,62
2089,55037,Florence,WI,Wisconsin,4397,4029
2090,55039,Fond du Lac,WI,Wisconsin,101665,61
2091,55041,Forest,WI,Wisconsin,9277,17
2092,55043,Grant,WI,Wisconsin,51233,1661
2093,55045,Green,WI,Wisconsin,36869,37
2094,55047,Green Lake,WI,Wisconsin,19037,12
2095,55049,Iowa,WI,Wisconsin,23710,161
2096,55051,Iron,WI,Wisconsin,5900,1296
2097,55053,Jackson,WI,Wisconsin,20455,20832
2098,55055,Jefferson,WI,Wisconsin,83693,15912
2099,55057,Juneau,WI,Wisconsin,26663,65
2100,55059,Kenosha,WI,Wisconsin,166671,173
2101,55063,La Crosse,WI,Wisconsin,114874,58
2102,55065,Lafayette,WI,Wisconsin,16801,411
2103,55067,Langlade,WI,Wisconsin,19937,11
2104,55069,Lincoln,WI,Wisconsin,28720,3393
2105,55071,Manitowoc,WI,Wisconsin,81349,30
2106,55073,Marathon,WI,Wisconsin,134104,81
2107,55075,Marinette,WI,Wisconsin,41703,25
2108,55077,Marquette,WI,Wisconsin,15383,34
2109,55078,Menominee,WI,Wisconsin,4252,12
2110,55079,Milwaukee,WI,Wisconsin,948944,2802
2111,55081,Monroe,WI,Wisconsin,44736,13231
2112,55083,Oconto,WI,Wisconsin,37652,28
2113,55085,Oneida,WI,Wisconsin,35919,3036
2114,55087,Outagamie,WI,Wisconsin,176912,191
2115,55089,Ozaukee,WI,Wisconsin,86365,76
2116,55093,Pierce,WI,Wisconsin,41125,4991
2117,55095,Polk,WI,Wisconsin,44156,7135
2118,55097,Portage,WI,Wisconsin,70053,218
2119,55099,Price,WI,Wisconsin,14111,19
2120,55101,Racine,WI,Wisconsin,195510,241
2121,55103,Richland,WI,Wisconsin,17981,9842
2122,55105,Rock,WI,Wisconsin,160310,286
2123,55107,Rusk,WI,Wisconsin,14715,17
2124,55109,St. Croix,WI,Wisconsin,84442,96
2125,55111,Sauk,WI,Wisconsin,62025,54
2126,55113,Sawyer,WI,Wisconsin,16568,2
2127,55115,Shawano,WI,Wisconsin,41958,71
2128,55117,Sheboygan,WI,Wisconsin,115472,75
2129,55119,Taylor,WI,Wisconsin,20643,262
2130,55121,Trempealeau,WI,Wisconsin,28854,38
2131,55123,Vernon,WI,Wisconsin,29775,33
2132,55125,Vilas,WI,Wisconsin,21396,8
2133,55127,Walworth,WI,Wisconsin,102205,129
2134,55129,Washburn,WI,Wisconsin,15916,5
2135,55131,Washington,WI,Wisconsin,131971,16889
2136,55133,Waukesha,WI,Wisconsin,389964,678
2137,55135,Waupaca,WI,Wisconsin,52369,69
2138,55137,Waushara,WI,Wisconsin,24467,33
2139,55139,Winnebago,WI,Wisconsin,167059,353
2140,55141,Wood,WI,Wisconsin,74793,565
2141,56001,Albany,WY,Wyoming,36438,4571
2142,56003,Big Horn,WY,Wyoming,11710,243
2143,56005,Campbell,WY,Wyoming,46252,810
2144,56007,Carbon,WY,Wyoming,15853,1033
2145,56009,Converse,WY,Wyoming,13823,31
2146,56011,Crook,WY,Wyoming,7112,837
2147,56013,Fremont,WY,Wyoming,40243,345
2148,56015,Goshen,WY,Wyoming,13322,3
2149,56017,Hot Springs,WY,Wyoming,4803,6
2150,56019,Johnson,WY,Wyoming,8567,6391
2151,56021,Laramie,WY,Wyoming,92127,91
2152,56023,Lincoln,WY,Wyoming,18080,3393
2153,56025,Natrona,WY,Wyoming,75507,44
2154,56027,Niobrara,WY,Wyoming,2482,4
2155,56029,Park,WY,Wyoming,28271,907
2156,56031,Platte,WY,Wyoming,8673,1040
2157,56033,Sheridan,WY,Wyoming,29152,49
2158,56035,Sublette,WY,Wyoming,10247,3
2159,56037,Sweetwater,WY,Wyoming,43621,219
2160,56039,Teton,WY,Wyoming,21302,88
2161,56041,Uinta,WY,Wyoming,21137,67
